reaction_id,reaction_name,subsystem
EX_12ppd__S_e,EX_12ppd__S_e,
EX_14glucan_e,EX_14glucan_e,
EX_25dkglcn_e,EX_25dkglcn_e,
EX_2dhglcn_e,EX_2dhglcn_e,
EX_2m35mdntha_e,EX_2m35mdntha_e,
EX_2mbald_e,EX_2mbald_e,
EX_2obut_e,EX_2obut_e,
EX_2pglyc_e,EX_2pglyc_e,
EX_34dhbz_e,EX_34dhbz_e,
EX_34dhpac_e,EX_34dhpac_e,
EX_35dnta_e,EX_35dnta_e,
EX_4abut_e,EX_4abut_e,
EX_4abutn_e,EX_4abutn_e,
EX_4ahmmp_e,EX_4ahmmp_e,
EX_4hphac_e,EX_4hphac_e,
EX_4hpro_LT_e,EX_4hpro_LT_e,
EX_5drib_e,EX_5drib_e,
EX_R_3htd5e_e,EX_R_3htd5e_e,
EX_abt_e,EX_abt_e,
EX_ac_e,EX_ac_e,
EX_acac_e,EX_acac_e,
EX_acald_e,EX_acald_e,
EX_acglu_e,EX_acglu_e,
EX_actn__R_e,EX_actn__R_e,
EX_ad_e,EX_ad_e,
EX_ade_e,EX_ade_e,
EX_agm_e,EX_agm_e,
EX_akg_e,EX_akg_e,
EX_ala__D_e,EX_ala__D_e,
EX_ala__L_e,EX_ala__L_e,
EX_alaala_e,EX_alaala_e,
EX_anhgm_e,EX_anhgm_e,
EX_arab__L_e,EX_arab__L_e,
EX_arg__L_e,EX_arg__L_e,
EX_asn__L_e,EX_asn__L_e,
EX_aso3_e,EX_aso3_e,
EX_aso4_e,EX_aso4_e,
EX_asp__L_e,EX_asp__L_e,
EX_btn_e,EX_btn_e,
EX_bz_e,EX_bz_e,
EX_ca2_e,EX_ca2_e,
EX_carn_e,EX_carn_e,
EX_cd2_e,EX_cd2_e,
EX_chol_e,EX_chol_e,
EX_chols_e,EX_chols_e,
EX_chsterol_e,EX_chsterol_e,
EX_cit_e,EX_cit_e,
EX_cl_e,EX_cl_e,
EX_cm_e,EX_cm_e,
EX_co2_e,EX_co2_e,
EX_co_e,EX_co_e,
EX_coa_e,EX_coa_e,
EX_cobalt2_e,EX_cobalt2_e,
EX_crn_e,EX_crn_e,
EX_ctbt_e,EX_ctbt_e,
EX_cu2_e,EX_cu2_e,
EX_cyan_e,EX_cyan_e,
EX_cynt_e,EX_cynt_e,
EX_cys__L_e,EX_cys__L_e,
EX_cytd_e,EX_cytd_e,
EX_d23hb_e,EX_d23hb_e,
EX_dopa_e,EX_dopa_e,
EX_drib_e,EX_drib_e,
EX_dxyl_e,EX_dxyl_e,
EX_fe2_e,EX_fe2_e,
EX_fe3_e,EX_fe3_e,
EX_fe3dcit_e,EX_fe3dcit_e,
EX_fe3pyovd_kt_e,EX_fe3pyovd_kt_e,
EX_feoxam_e,EX_feoxam_e,
EX_feoxam_un_e,EX_feoxam_un_e,
EX_fol_e,EX_fol_e,
EX_fuc_e,EX_fuc_e,
EX_fum_e,EX_fum_e,
EX_g3pc_e,EX_g3pc_e,
EX_g3pe_e,EX_g3pe_e,
EX_g3pg_e,EX_g3pg_e,
EX_g3ps_e,EX_g3ps_e,
EX_gal_bD_e,EX_gal_bD_e,
EX_gal_e,EX_gal_e,
EX_galt_e,EX_galt_e,
EX_galur_e,EX_galur_e,
EX_glc__D_e,EX_glc__D_e,
EX_glcur_e,EX_glcur_e,
EX_gln__L_e,EX_gln__L_e,
EX_glu__L_e,EX_glu__L_e,
EX_glucan4_e,EX_glucan4_e,
EX_glucan6_e,EX_glucan6_e,
EX_gly_e,EX_gly_e,
EX_glyb_e,EX_glyb_e,
EX_glyc3p_e,EX_glyc3p_e,
EX_glyc_e,EX_glyc_e,
EX_glyclt_e,EX_glyclt_e,
EX_gthrd_e,EX_gthrd_e,
EX_gua_e,EX_gua_e,
EX_h2o2_e,EX_h2o2_e,
EX_h2o_e,EX_h2o_e,
EX_h2s_e,EX_h2s_e,
EX_h_e,EX_h_e,
EX_hia_e,EX_hia_e,
EX_his__L_e,EX_his__L_e,
EX_hxa_e,EX_hxa_e,
EX_hxan_e,EX_hxan_e,
EX_ile__L_e,EX_ile__L_e,
EX_ind3ac_e,EX_ind3ac_e,
EX_inost_e,EX_inost_e,
EX_k_e,EX_k_e,
EX_lac__D_e,EX_lac__D_e,
EX_lac__L_e,EX_lac__L_e,
EX_leu__L_e,EX_leu__L_e,
EX_lipoate_e,EX_lipoate_e,
EX_lmn2_e,EX_lmn2_e,
EX_lys__L_e,EX_lys__L_e,
EX_mal__L_e,EX_mal__L_e,
EX_man_e,EX_man_e,
EX_melib_e,EX_melib_e,
EX_met__D_e,EX_met__D_e,
EX_met__L_e,EX_met__L_e,
EX_metox__R_e,EX_metox__R_e,
EX_metox_e,EX_metox_e,
EX_mg2_e,EX_mg2_e,
EX_mn2_e,EX_mn2_e,
EX_n2o_e,EX_n2o_e,
EX_na1_e,EX_na1_e,
EX_nac_e,EX_nac_e,
EX_nh4_e,EX_nh4_e,
EX_ni2_e,EX_ni2_e,
EX_nmn_e,EX_nmn_e,
EX_no2_e,EX_no2_e,
EX_no3_e,EX_no3_e,
EX_no_e,EX_no_e,
EX_o2_e,EX_o2_e,
EX_ocdcea_e,EX_ocdcea_e,
EX_orn__L_e,EX_orn__L_e,
EX_orn_e,EX_orn_e,
EX_pacald_e,EX_pacald_e,
EX_pea_e,EX_pea_e,
EX_peamn_e,EX_peamn_e,
EX_phe__L_e,EX_phe__L_e,
EX_pheme_e,EX_pheme_e,
EX_pi_e,EX_pi_e,
EX_pnto__R_e,EX_pnto__R_e,
EX_ppap_e,EX_ppap_e,
EX_ppi_e,EX_ppi_e,
EX_pro__L_e,EX_pro__L_e,
EX_ptrc_e,EX_ptrc_e,
EX_pyovd_kt_e,EX_pyovd_kt_e,
EX_pyr_e,EX_pyr_e,
EX_raffin_e,EX_raffin_e,
EX_rib__D_e,EX_rib__D_e,
EX_salchs4_e,EX_salchs4_e,
EX_salchs4fe_e,EX_salchs4fe_e,
EX_sbt__D_e,EX_sbt__D_e,
EX_sel_e,EX_sel_e,
EX_ser__L_e,EX_ser__L_e,
EX_slnt_e,EX_slnt_e,
EX_so3_e,EX_so3_e,
EX_so4_e,EX_so4_e,
EX_spmd_e,EX_spmd_e,
EX_stfrnA_e,EX_stfrnA_e,
EX_succ_e,EX_succ_e,
EX_taur_e,EX_taur_e,
EX_tcynt_e,EX_tcynt_e,
EX_tet_e,EX_tet_e,
EX_thm_e,EX_thm_e,
EX_thr__L_e,EX_thr__L_e,
EX_thym_e,EX_thym_e,
EX_thymd_e,EX_thymd_e,
EX_tnt_e,EX_tnt_e,
EX_trp__L_e,EX_trp__L_e,
EX_tsul_e,EX_tsul_e,
EX_ttrcyc_e,EX_ttrcyc_e,
EX_tyr__L_e,EX_tyr__L_e,
EX_udcpp_e,EX_udcpp_e,
EX_ura_e,EX_ura_e,
EX_urea_e,EX_urea_e,
EX_val__L_e,EX_val__L_e,
EX_xan_e,EX_xan_e,
EX_xyl3_e,EX_xyl3_e,
EX_xyl__D_e,EX_xyl__D_e,
EX_xylb_e,EX_xylb_e,
EX_zn2_e,EX_zn2_e,
12DGR120tipp,"1,2 diacylglycerol transport via flipping (periplasm to cytoplasm, n-C12:0)",
12DGR140tipp,"1,2 diacylglycerol transport via flipping (periplasm to cytoplasm, n-C14:0)",
12DGR141tipp,"1,2 diacylglycerol transport via flipping (periplasm to cytoplasm, n-C14:1)",
12DGR160tipp,"1,2 diacylglycerol transport via flipping (periplasm to cytoplasm, n-C16:0)",
12DGR161tipp,"1,2 diacylglycerol transport via flipping (periplasm to cytoplasm, n-C16:1)",
12DGR180tipp,"1,2 diacylglycerol transport via flipping (periplasm to cytoplasm, n-C18:0)",
12DGR181tipp,"1,2 diacylglycerol transport via flipping (periplasm to cytoplasm, n-C18:1)",
12PPDRDH,R Propane 1 2 diol dehydratase,
12PPDt,"S-Propane-1,2-diol facilitated transport",
14GLUCANtexi,"1,4-alpha-D-glucan transport via diffusion (extracellular to periplasm) irreversible",
1P2CBXLCYCL,1 Pyrroline 2 carboxylate cyclation,
1P2CBXLR,Delta1 piperideine 2 carboxylate reductase,
25DKGLCNt2rpp,2 5 diketo D gluconate transport via proton symport  reversible  periplasm,
25DKGLCNtex,2 5 diketo D gluconate transport via diffusion  extracellular to periplasm,
2AGPE120tipp,2-Acyl-sn-glycero-3-phosphoethanolamine (n-C12:0) transporter via facilitated diffusion (periplasm),
2AGPE141tipp,2-Acyl-sn-glycero-3-phosphoethanolamine (n-C14:1) transporter via facilitated diffusion (periplasm),
2AGPE161tipp,2-Acyl-sn-glycero-3-phosphoethanolamine (n-C16:1) transporter via facilitated diffusion (periplasm),
2AGPE181tipp,2-Acyl-sn-glycero-3-phosphoethanolamine (n-C18:1) transporter via facilitated diffusion (periplasm),
2AGPEAT120,2-acyl-glycerophospho-ethanolamine acyltransferase (n-C12:0),
2AGPEAT141,2-acyl-glycerophospho-ethanolamine acyltransferase (n-C14:1),
2AGPEAT161,2-acyl-glycerophospho-ethanolamine acyltransferase (n-C16:1),
2AGPEAT181,2-acyl-glycerophospho-ethanolamine acyltransferase (n-C18:1),
2AGPG120tipp,2-Acyl-sn-glycero-3-phosphoglycerol (n-C12:0) transporter via facilitated diffusion (periplasm),
2AGPG140tipp,2-Acyl-sn-glycero-3-phosphoglycerol (n-C14:0) transporter via facilitated diffusion (periplasm),
2AGPG141tipp,2-Acyl-sn-glycero-3-phosphoglycerol (n-C14:1) transporter via facilitated diffusion (periplasm),
2AGPG160tipp,2-Acyl-sn-glycero-3-phosphoglycerol (n-C16:0) transporter via facilitated diffusion (periplasm),
2AGPG161tipp,2-Acyl-sn-glycero-3-phosphoglycerol (n-C16:1) transporter via facilitated diffusion (periplasm),
2AGPG180tipp,2-Acyl-sn-glycero-3-phosphoglycerol (n-C18:0) transporter via facilitated diffusion (periplasm),
2AGPG181tipp,2-Acyl-sn-glycero-3-phosphoglycerol (n-C18:1) transporter via facilitated diffusion (periplasm),
2AGPGAT120,2-acyl-glycerophospho-glycerol acyltransferase (n-C12:0),
2AGPGAT140,2-acyl-glycerophospho-glycerol acyltransferase (n-C14:0),
2AGPGAT141,2-acyl-glycerophospho-glycerol acyltransferase (n-C14:1),
2AGPGAT160,2-acyl-glycerophospho-glycerol acyltransferase (n-C16:0),
2AGPGAT161,2-acyl-glycerophospho-glycerol acyltransferase (n-C16:1),
2AGPGAT180,2-acyl-glycerophospho-glycerol acyltransferase (n-C18:0),
2AGPGAT181,2-acyl-glycerophospho-glycerol acyltransferase (n-C18:1),
2DGLCNRx,2-dehydro-D-gluconate reductase (NADH),
2DGLCNRy,2-dehydro-D-gluconate reductase (NADPH),
2DGULRGx,2-Dehydro-L-gulonate reductase to gluconate (NADH),
2DGULRGy,2-Dehydro-L-gulonate reductase to gluconate (NADPH),
2DGULRx,2-dehydro-L-gulonate reductase (NADH),
2DGULRy,2-dehydro-L-gulonate reductase (NADPH),
2DHGLCNkt_tpp,2 ketogluconate transporter,
2DHGLCNtex,Ketogluconate transport via diffusion  extracellular to periplasm,
2DHPFALDL,2-dehydropantoate formaldehyde-lyase (3-methyl-2-oxobutanoate-forming),
2MBALDt,2 Methylbutanal transport  extracellular,
2OBUT_Et,2-Oxobutanoate transport (transport mechanism unknown - evidence from biolog data),
2PGLYCt6,2 Phosphoglycolate transport inout via proton symport,
34HPPOR,4 Hydroxyphenylpyruvateoxygen oxidoreductase,
34dhpactex,Dihydroxyphenylacetaldehyde transport via diffusion (extracellular to periplasm),
3HBCOAHL,3-hydroxyisobutyryl-CoA hydrolase,
3HSA,MNXR19078,
3MOPDC,3 Methyl 2 oxopentanoate decarboxylase,
3NUCLE4,3  nucleotidase  guanosine 3  phosphate,
3OADPCOAT,3-oxoadipate CoA-transferase,
3OXCOAT,3-oxoadipyl-CoA thiolase,
3SALATAi,3-sulfino-alanine transaminase (irreversible),
3_4DHBZ1t_pp,"3,4DHBZ1t LPAREN pp RPAREN",
3_4DHBZt2,Protocatechuate outher membrane transport,
42A12BOOXpp,"4-(2-Aminoethyl)-1,2-benzenediol:oxygen oxidoreductase(deaminating)(flavin-containing)",
4ABUTD,4-Aminobutyraldehyde:NAD+ oxidoreductase,
4CMLCL_kt,4-CARBOXYMUCONOLACTONE-DECARBOXYLASE-RXN,
4HALDD,Aldehyde dehydrogenase  4 hydroxyphenylacetaldehyde  NAD,
4HBADH,4 hydroxy benzyl alcohol dehydrogenase,
4HPRO_LT_Et,Trans-4-Hydroxy-L-proline transport (transport mechanism unknown - evidence from biolog data),
4HTHRK,4-Hydroxy-L-threonine kinase,
4HTHRS,4-Hydroxy-L-threonine synthase,
5DGLCNR,5-dehydro-D-gluconate reductase,
5DKGR,5-keto-D-gluconate 5-reductase,
5DOAN,5'-deoxyadenosine nuclosidase,
AAAN,,
AABTN,4 acetamidobutyrate deacetylase,
AACLAM,Acetyl adenylate CoA ligase AMP-forming,
AACOAT,Acetoacetyl-CoA:acetate CoA-transferase,
AACPS2,Acyl-[acyl-carrier-protein] synthetase  (n-C14:1),
AACPS4,Acyl-[acyl-carrier-protein] synthetase  (n-C16:1),
AACPS7,Acyl-[acyl-carrier-protein] synthetase  (n-C12:0),
AACT,,
AACTOOR,Aminoacetone:oxygen oxidoreductase(deaminating)(flavin-containing),
AALDH,Aryl alcohol dehydrogenase,
AAMYLpp,Alpha-amylase (periplasm),
AASAD3,L-aminoadipate-semialdehyde dehydrogenase (NADH),
AATA,2 aminoadipate transaminase,
ABTA,4-aminobutyrate transaminase,
ABTt,L arabinitol transport via passive diffusion,
ABUTD,Aminobutyraldehyde dehydrogenase,
ABUTt2r,4 aminobutyrate reversible transport in via proton symport,
ABUTtex,4-aminobutyrate transport via diffusion (extracellular to periplasm),
ACACT1r,Acetyl-CoA C-acetyltransferase,
ACACT3r,Acetyl-CoA C-acyltransferase (hexanoyl-CoA) (r),
ACACT4r,Acetyl-CoA C-acyltransferase (octanoyl-CoA) (r),
ACACt2,Acetoacetate transport via proton symport,
ACALDt,Acetaldehyde reversible transport,
ACCOAC,Acetyl-CoA carboxylase,
ACCOAL,Acetate-CoA ligase (ADP-forming),
ACGAMK,N-acetylglucosamine kinase,
ACGAMPM,Phosphoacetylglucosamine mutase,
ACGLUtd,"Transport of N-Acetyl-L-Glutamate, Diffusion",
ACGS,N-acetylglutamate synthase,
ACHBS,2-aceto-2-hydroxybutanoate synthase,
ACITL,ATP-Citrate lyase,
ACLSb,Acetolactate synthase (step 2),
ACM6PH,N-acetylmuramate 6-phosphate hydrolase,
ACOAD22f,Acyl CoA dehydrogenase  vaccenyl CoA,
ACOAD26f,Acyl CoA dehydrogenase  acyl CoA dehydrogenase  oleicyl CoA   C181d9,
ACOAD27f,Acyl CoA dehydrogenase  cis hexadec 7 enoyl CoA,
ACOAD28f,Acyl CoA dehydrogenase  cis tetradec 5 enoyl CoA,
ACOAD3f,Acyl-CoA dehydrogenase (octanoyl-CoA),
ACOAD4f,Acyl-CoA dehydrogenase (decanoyl-CoA),
ACOAD5f,Acyl-CoA dehydrogenase (dodecanoyl-CoA),
ACOAD6f,Acyl-CoA dehydrogenase (tetradecanoyl-CoA),
ACOAD8f,Acyl-CoA dehydrogenase (octadecanoyl-CoA),
ACOADH1,2-oxoisovalerate dehydrogenase (acylating; 3-methyl-2-oxopentanoate),
ACOAM,Acetate CoA ligase AMP-forming,
ACONT,Aconitate hydratase,
ACOTA,Acetylornithine transaminase,
ACOXT,Acetyl-CoA:oxalate CoA-transferase,
ACP1_FMN,Acid phosphatase (FMN),
ACPS,Acyl Carrier Protein Synthase,
ACS,Acetyl-CoA synthetase,
ACS2,Acetyl-CoA synthase (propionate),
ACSPHAC100,R 3 Hydroxyacid Acyl CoA Synthetase  C100,
ACSPHAC101,R 3 Hydroxyacid Acyl CoA Synthetase  C101,
ACSPHAC120,R 3 Hydroxyacid Acyl CoA Synthetase  C120,
ACSPHAC121,R 3 Hydroxyacid Acyl CoA Synthetase  C121,
ACSPHAC121d6,R 3 Hydroxyacid Acyl CoA Synthetase  C121d6,
ACSPHAC140,R 3 Hydroxyacid Acyl CoA Synthetase  C140,
ACSPHAC141,R 3 Hydroxyacid Acyl CoA Synthetase  C141,
ACSPHAC141d5,R 3 Hydroxyacid Acyl CoA Synthetase  C141,
ACSPHAC142,R 3 Hydroxyacid Acyl CoA Synthetase  C142,
ACSPHAC160,R 3 Hydroxyacid Acyl CoA Synthetase  C160,
ACSPHAC40,R 3 Hydroxyacid Acyl CoA Synthetase  C40,
ACSPHAC50,R 3 Hydroxyacid Acyl CoA Synthetase  C50,
ACSPHAC60,R 3 Hydroxyacid Acyl CoA Synthetase  C60,
ACSPHAC70,R 3 Hydroxyacid Acyl CoA Synthetase  C70,
ACSPHAC80,R 3 Hydroxyacid Acyl CoA Synthetase  C80,
ACSPHAC90,R 3 Hydroxyacid Acyl CoA Synthetase  C90,
ACSPHACP100,R 3 Hydroxyacid Acyl CoA Synthetase  Phenyl C100,
ACSPHACP40,R 3 Hydroxyacid Acyl CoA Synthetase  Phenyl C40,
ACSPHACP50,R 3 Hydroxyacid Acyl CoA Synthetase  Phenyl C50,
ACSPHACP60,R 3 Hydroxyacid Acyl CoA Synthetase  Phenyl C60,
ACSPHACP70,R 3 Hydroxyacid Acyl CoA Synthetase  Phenyl C70,
ACSPHACP80,R 3 Hydroxyacid Acyl CoA Synthetase  Phenyl C80,
ACSPHACP90,R 3 Hydroxyacid Acyl CoA Synthetase  Phenyl C90,
ACSPHACT40,R 3 Hydroxyacid Acyl CoA Synthetase  Acetylthio C40,
ACSPHACT60,R 3 Hydroxyacid Acyl CoA Synthetase  Acetylthio C60,
ACTD,Acetoin dehydrogenase,
ACTD2,Acetoin dehydrogenase,
ACTD_1,,
ACTDa,Acetoin dehydrogenase,
ACTNdiff,R acetoin diffusion,
ACt2r,Acetate reversible transport via proton symport,
ACt2rpp,Acetate reversible transport via proton symport (periplasm),
ACtex,Acetate transport via diffusion (extracellular to periplasm),
ACtr,Acetate transporter,
ADA,Adenosine deaminase,
ADAPAT,"E N-acetyl-L,L-diaminopimelate aminotransferase",
ADCL,4-aminobenzoate synthase,
ADCPS1,Adenosylcobinamide-phosphate synthase,
ADCPS2,Adenosylcobinamide-phosphate synthase,
ADCS,4-amino-4-deoxychorismate synthase,
ADEt2rpp,Adenine transport via proton symport (reversible) (periplasm),
ADEtex,Adenine transport via diffusion (extracellular to periplasm),
ADK1,Adenylate kinase,
ADK2,Adenylate kinase (Inorganic triphosphate),
ADK2_1,Adenylate kinase (Inorganic triphosphate),
ADK3,Adentylate kinase (GTP),
ADK4,Adentylate kinase (ITP),
ADMDC,Adenosylmethionine decarboxylase,
ADNCYC,Adenylate cyclase,
ADNK1,Adenosine kinase,
ADOCBIAH,MNXR85327,
ADPGLC,ADPglucose diphosphatase,
ADPRDP,ADPribose diphosphatase,
ADPT,Adenine phosphoribosyltransferase,
ADSELK,Adenylyl-selenate kinase,
ADSELR,Phosphoadenylyl selenate reductase  thioredoxin,
ADSK,Adenylyl-sulfate kinase,
ADSL1r,Adenylsuccinate lyase,
ADSL2r,Adenylosuccinate lyase,
ADSS,Adenylosuccinate synthase,
ADtr,"Acetamide transport, extracellular",
AGDC,N-acetylglucosamine-6-phosphate deacetylase,
AGM3PH,"N-Acetyl-D-glucosamine(anhydrous)N-Acetylmuramyl-tripeptide beta -1,4-N-acetylglucosaminidase",
AGM3Pt2pp,GlcNAc-anhMurNAc tripeptide transport in via proton symport (periplasm),
AGM4PH,"N-Acetyl-D-glucosamine(anhydrous)N-Acetylmuramyl-tetrapeptide beta -1,4-N-acetylglucosaminidase",
AGM4Pt2pp,GlcNAc-anhMurNAc tetrapeptide transport in via proton symport (periplasm),
AGMDA,Agmatine deaminase,
AGMH,"N-Acetyl-D-glucosamine(anhydrous)N-Acetylmuramyl beta -1,4-N-acetylglucosaminidase",
AGMPTRCtpp,Agmatine/putrescine antiporter (periplasm),
AGMT,Agmatinase,
AGMt2pp,GlcNAc-anhMurNAc transport in via proton symport (periplasm),
AGMtex,Agmatine transport via diffusion (extracellular to periplasm),
AGPAT120,1-tetradecanoyl-sn-glycerol 3-phosphate O-acyltransferase (n-C12:0),
AGPAT141,1-tetradec-7-enoyl-sn-glycerol 3-phosphate O-acyltransferase (n-C14:1),
AGPAT161,1-hexadec-7-enoyl-sn-glycerol 3-phosphate O-acyltransferase (n-C16:1),
AGTi,Alanine glyoxylate aminotransferase  irreversible,
AHCi,Adenosylhomocysteinase,
AHSERL,O acetylhomoserine  thiol  lyase,
AHSERL2,O acetylhomoserine  thiol  lyase,
AICART,Phosphoribosylaminoimidazolecarboxamide formyltransferase,
AIRCr,Phosphoribosylaminoimidazole carboxylase,
AKGt2r,2 oxoglutarate reversible transport via symport,
AKP1,Alkaline phosphatase  Dihydroneopterin,
AKP1_2,Alkaline phosphatase (Dihydroneopterin),
AL4D,,
ALAALAr,D-alanine-D-alanine ligase (reversible),
ALAALAtex,D-alanyl-D-alanine (DalaDala) transport via diffusion (extracellular to periplasm),
ALAGLUE,L-alanyl-gamma-glutamate epimerase,
ALAR,Alanine racemase,
ALAS,,
ALATA_L,L-alanine transaminase,
ALAabc,L-alanine transport via ABC system,
ALAt4,Alanine-Sodium symporter,
ALCD1,Alcohol dehydrogenase (methanol),
ALCD19,Alcohol dehydrogenase (glycerol),
ALCD19y,Alcohol dehydrogenase  glycerol  NADP,
ALCD22_L,Alcohol dehydrogenase (L-lactaldehyde),
ALCD2ir,Alcohol dehydrogenase  reverse rxn  acetaldehyde   ethanol,
ALCD2x,Alcohol dehydrogenase (ethanol),
ALCD2y,"Alcohol dehydrogenase (ethanol, NADP)",
ALDD1,Aldehyde dehydrogenase  formaldehyde  NAD,
ALDD19xr,"Aldehyde dehydrogenase (phenylacetaldehyde, NAD)",
ALDD20x,"Aldehyde dehydrogenase (indole-3-acetaldehyde, NAD)",
ALDD20y,Aldehyde dehydrogenase  indole 3 acetaldehyde  NADP,
ALDD2x,"Aldehyde dehydrogenase (acetaldehyde, NAD)",
ALDD2y,"Aldehyde dehydrogenase (acetaldehyde, NADP)",
ALDD3,Aldehyde dehydrogenase  propanal  NAD,
ALDD31_1,Aldehyde dehydrogenase  aminoacetaldehyde  NAD,
ALDD3y,"Aldehyde dehydrogenase (propanal, NADP)",
ALDD4,"Aldehyde dehydrogenase (butanal, NAD)",
ALDD4x,Aldehyde dehydrogenase  methylmalonate semialdehyde  NAD,
ALDH_1,,
ALDR,,
ALKP,Alkaline phosphatase,
ALKP_1,Alkaline phosphatase,
ALLTAHr,Allantoate amidinohydrolase  reversible,
ALLTN,Allantoinase,
ALR2,Aldose reductase (methylglyoxal),
ALR3,Aldose reductase (acetol),
AM3PA,Anhydrous-N-Acetylmuramyl-tripeptide amidase,
AM4PCP,"Anhydrous-N-Acetylmuramyl-tetrapeptide L,D-carboxypeptidase",
AMID_1,Acetamidase,
AMMQLT8,S-adenosylmethione:2-demthylmenaquinole methyltransferase (menaquinone 8),
AMMQT8_2,S-adenosylmethione:2-demethylmenaquinone methyltransferase,
AMPN,AMP nucleosidase,
AMPTASECG,Alanyl aminopeptidase (cys-gly),
ANHGMtex,GlcNAc-anhMurNAc transport via diffusion (extracellular to periplasm),
ANHMK,"1,6-anhydrous-N-Acetylmuramate kinase",
ANPRT,Anthranilate phosphoribosyltransferase,
ANS,Anthranilate synthase,
APPLDHr,Aminopropanol dehydrogenase reversible,
APRAUR,5-amino-6-(5-phosphoribosylamino)uracil reductase,
APRTO2,N acetylputrescine oxygen oxireductase  deaminating,
APSR,Adenosine 5'-phosphosulfate reductase;,
APTNAT,5-aminopentanoate:2-oxoglutarate aminotransferase,
ARABDI,L-fucose isomerase,
ARABR,Arabinose reductase,
ARABRr,Arabinose reductase,
ARBt2rpp,L-arabinose transport via proton symport (periplasm),
ARBtex,L-arabinose transport via diffusion (extracellular to periplasm),
ARD,1;2-dihydroxy-3-keto-5-methylthiopentene dioxygenase,
ARGDC,Arginine decarboxylase,
ARGN,Arginase,
ARGORNt3,Arginineornithine antiporter,
ARGORNt7,Arginine/ornithine antiporter,
ARGSL,Argininosuccinate lyase,
ARGSS,Argininosuccinate synthase,
ARGabc,L-arginine transport via ABC system,
ARGt2r,L arganine reversible transport via proton symport,
ARGt5r,ARGtiDF,
AROH,L-Arogenate hydro-lyase,
ASAD,Aspartate-semialdehyde dehydrogenase,
ASLP,,
ASNN,L-asparaginase,
ASNNpp,L-asparaginase,
ASNS1,Asparagine synthase (glutamine-hydrolysing),
ASNabc,L-asparagine transport via ABC system,
ASNt4,L-asparagine transport in via sodium symport,
ASNtex,L-asparagine transport via diffusion (extracellular to periplasm),
ASO3t4pp,Arsenite transporter via sodium antiport (periplasm),
ASO3t8pp,Arsenite efflux via ATP hydrolysis (periplasm),
ASO3tex,Arsenite transport via diffusion (extracellular to periplasm),
ASO3tex_1,Arsenite transport via diffusion (extracellular to cytoplasm),
ASO4rt2rpp,Arsenate reversible transport via symport (periplasm),
ASO4t,Arsenate transporter,
ASO4t4pp,Arsenate transporter via sodium antiport (periplasm),
ASO4tex,Arsenate transporter (extracellular to periplasm),
ASP1DC,Aspartate 1-decarboxylase,
ASPA2,,
ASPCT,Aspartate carbamoyltransferase,
ASPK,Aspartate kinase,
ASPO5,L-aspartate oxidase,
ASPTA,Aspartate transaminase,
ASPabc,L-aspartate transport via ABC system,
ASPabcpp,L-aspartate transport via ABC system (periplasm),
ASPt2pp,L-aspartate transport in via proton symport (periplasm),
ASPt2r,L aspartate reversible transport via proton symport,
ASR,Arsenate reductase,
ATHRDHr,L-allo-threonine dehydrogenase,
ATPHs,ATP amine hydrolysis (spontaneous),
ATPPRT,ATP phosphoribosyltransferase,
ATPS4rpp,ATP synthase (four protons for one ATP) (periplasm),
BCOALIG,Benzoate CoA ligase,
BDH,3-HYDROXYBUTYRATE-DEHYDROGENASE-RXN,
BETALDHx,Betaine-aldehyde dehydrogenase,
BGLA,Beta-glucosidase,
BPNT,"3',5'-bisphosphate nucleotidase",
BSCT,Benzoylsuccinyl-CoA thiolase,
BTCOARx,Butyryl-coA reductase (NADH),
BTNTe,Release of biotin across the basolatral membrane,
BTNt2i,Biotin uptake,
BTS3r,Biotin synthase,
BUPN,Beta-ureidopropionase,
BUTCT,Acetyl-CoA:butyrate-CoA transferase,
BZt,Benzoate transport (diffusion),
BZt1pp,Benzoate transport in via proton symport (periplasm),
BZtex,Benzoate transport via diffusion (extracellular to periplasm),
C4HP,,
CA2abc,Calcium transport via ABC system,
CA2abc1,Calcium efflux  via ABC system,
CA2abcpp,Calcium transport via ABC system (periplasm),
CA2t3pp,Calcium (Ca+2) transport out via proton antiport (periplasm),
CA2tex,Calcium (Ca+2) transport via diffusion (extracellular to periplasm),
CAATPS,CAATPS,
CARNabcpp,Carnosine transport via ABC system  periplasm,
CARNtex,L Carnosine transport via diffusion  extracellular to periplasm,
CAT,Catalase,
CATpp,Catalase  periplasm,
CAt4,Calcium transport inout via proton antiporter,
CBMKr,Carbamate kinase,
CBPAH,N-carbamoylputrescine amidohydrolase,
CBPS,Carbamoyl-phosphate synthase (glutamine-hydrolysing),
CD2t3pp,Cadmium (Cd+2) transport out via proton antiport (periplasm),
CD2t4,Cadminum transport out via antiport,
CD2t4pp,Cadmium (Cd+2) transport out via proton antiport (periplasm),
CD2tex,Cadmium (Cd+2) transport via diffusion (extracellular to periplasm),
CD2tpp,Cadmium (+2) transport in via permease (no H+),
CDPMEK_1,4-(cytidine 5'-diphospho)-2-C-methyl-D-erythritol kinase,
CHCD,MNXR22345,
CHLP,Choline phosphate phosphatase,
CHLabc,Choline transport via ABC system,
CHLabc_rev,T00114b,
CHLt2,Choline transport via proton symport,
CHOD,MNXR6103,
CHOLCOA,MNXR87732,
CHOLD,Choline dehydrogenase,
CHOLK,Choline kinase,
CHOLSH,CHOLINE-SULFATASE-RXN,
CHOLSabc_1,Choline sulfate transport in via ABC system,
CHORM,Chorismate mutase,
CHORS,Chorismate synthase,
CHSTEROLt_1,MNXR1163,
CITL,Citrate lyase,
CLPNH140pp,"Cardiolipin hydrolase (periplasm, n-C14:0)",
CLPNH180pp,"Cardiolipin hydrolase (periplasm, n-C18:0)",
CLPNH181pp,"Cardiolipin hydrolase (periplasm, n-C18:1)",
CLPNS140pp,"Cardiolipin synthase (periplasmic, n-C14:0)",
CLPNS160,Cardiolipin synthase (n-C16:0),
CLPNS180pp,"Cardiolipin synthase (periplasmic, n-C18:0)",
CLPNS181pp,"Cardiolipin synthase (periplasmic, n-C18:1)",
CLS,,
CMt2ppi,Chloramphenicol transport via diffusion  periplasm to cytosol,
CMtex,Chloramphenicol transport via diffusion (extracellular to periplasm),
CMtexabc,Chloramphenicol extrusion via ABC system,
CO2FO,,
CO2t,CO2 transporter via diffusion,
CO2tex,CO2 transport via diffusion (extracellular to periplasm),
CO2tpp,CO2 transporter via diffusion (periplasm),
COAt,COAt,
COBALT2abcpp,Cobalt (Co+2) ABC transporter (periplasm),
COBALT2t3pp,Cobalt (Co+2) transport out via proton antiport (periplasm),
COBALTt4pp,Cobalt transport out via proton antiporter (periplasm),
COBALTt5,Cobalt (Co+2) transport via diffusion (extracellular to cytoplasm),
COabc,Cobalt transport via ABC system,
COt_1,Co transport via diffusion (extracellular to periplasm),
CPK1,Adenylate kinase,
CPPPGO,Coproporphyrinogen oxidase (O2 required),
CPPPGO2,Oxygen Independent coproporphyrinogen-III oxidase,
CRNCBCT,Crotonobetainyl-CoA: carnitine CoA transferase,
CRNCDH,Carnityl-CoA dehydratse,
CRNDH,Carnitine 3 dehydrogenase,
CRNabc,L-carnitine transport via ABC system,
CSND,Cytosine deaminase,
CTBTabc,Crotonobetaine transport in via ABC system,
CTECOAI6,3-cis-2-trans-enoyl-CoA isomerase,
CTECOAI7,3-cis-2-trans-enoyl-CoA isomerase,
CTECOAI8,3-cis-2-trans-enoyl-CoA isomerase,
CTPS1,CTP synthase  NH3,
CTPS2,CTP synthase (glutamine),
CU2t4pp,Copper  Cu2  transport out via proton antiport  periplasm,
CUabcpp,Copper transport via ABC system (periplasm),
CYANST,Cyanide sulfurtransferase,
CYANSTpp,Cyanide sulfurtransferase (periplasmic),
CYANt2pp,Cyanate transport via proton symport  periplasm,
CYANtex,Cyanide transport via diffusion (extracellular to periplasm),
CYNTAH_1,Cyanate aminohydrolase,
CYNTt2pp,Cyanate transport via proton symport (periplasm),
CYNTtex,Cyanate transport via diffusion (extracellular to periplasm),
CYP1,MNXR19061,
CYP2,CYP2,
CYP3,CYP3,
CYSDS,Cysteine Desulfhydrase,
CYSS,Cysteine synthase,
CYSTA,Cysteine transaminase,
CYSTGL,Cystathionine g lyase,
CYSTL,Cystathionine b-lyase,
CYSTS,Cystathionine beta synthase,
CYSabc,L-cysteine transport via ABC system,
CYSabcpp,L-cysteine uptake via ABC system (periplasm),
CYStec,L-cysteine transport via diffusion (extracellular to cytosol),
CYStex,L-cysteine transport via diffusion (extracellular to periplasm),
CYTBD2pp,Cytochrome oxidase bd (menaquinol-8: 2 protons) (periplasm),
CYTD,Cytidine deaminase,
CYTDH,Cytidine hydrolase,
CYTDK1,ATP:cytidine 5'-phosphotransferase,
CYTDK2,Cytidine kinase (GTP),
CYTDt4,Cytidine transport in via sodium symport,
CYTK1,Cytidylate kinase (CMP),
CYTK2,Cytidylate kinase (dCMP),
CYTK2_1,Adenylate kinase,
CYTOM,Cytosine 5 methyltransferase,
Clt,Major Facilitator(MFS) TCDB:2.A.1.14.6,
Cobalt2abcppI,Cobalt II transport via ABC system periplasm I,
Cotpp,Co transport via diffusion (periplasm to cytosol),
Cuabc,Copper transport via ABC system,
Cut1,Copper export via ATPase,
DAAD5,D Amino acid dehydrogenase  orn D,
DADA,Deoxyadenosine deaminase,
DADK,Deoxyadenylate kinase,
DADNK,Deoxyadenosine kinase,
DAGK120,Diacylglycerol kinase (n-C12:0),
DAGK140,Diacylglycerol kinase (n-C14:0),
DAGK141,Diacylglycerol kinase (n-C14:1),
DAGK160,Diacylglycerol kinase (n-C16:0),
DAGK161,Diacylglycerol kinase (n-C16:1),
DAGK180,Diacylglycerol kinase (n-C18:0),
DAGK181,Diacylglycerol kinase (n-C18:1),
DALAOX,D amino acid oxidase,
DALAtex,D-Alanine transport via diffusion (extracellular to periplasm),
DAPE,Diaminopimelate epimerase,
DASYN120,CDP-diacylglycerol synthetase (n-C12:0),
DASYN140,CDP-diacylglycerol synthetase (n-C14:0),
DASYN141,CDP-diacylglycerol synthetase (n-C14:1),
DASYN161,CDP-diacylglycerol synthetase (n-C16:1),
DASYN180,CDP-diacylglycerol synthetase (n-C18:0),
DASYN181,CDP-diacylglycerol synthetase (n-C18:1),
DATPHs,DATP amine hydrolysis (spontaneous),
DB4PS,"3,4-Dihydroxy-2-butanone-4-phosphate synthase",
DCMPDA,DCMP deaminase,
DCTPD,DCTP deaminase,
DCYTD,Deoxycytidine deaminase,
DDPA,3-deoxy-D-arabino-heptulosonate 7-phosphate synthetase,
DDPGA,2-dehydro-3-deoxy-phosphogluconate aldolase,
DESAT16,Palmitoyl CoA desaturase  n C160CoA   n C161CoA,
DESAT18,Stearoyl CoA desaturase  n C180CoA   n C181CoA,
DGK1,Deoxyguanylate kinase (dGMP:ATP),
DH23t,,
DHAD1,"Dihydroxy-acid dehydratase (2,3-dihydroxy-3-methylbutanoate)",
DHAD2,"Dihydroxy-acid dehydratase (2,3-dihydroxy-3-methylpentanoate)",
DHAK,Dihydroxyacetone kinase,
DHBD,"2,3-dihydro-2,3-dihydroxybenzoate dehydrogenase",
DHDPRy,Dihydrodipicolinate reductase (NADPH),
DHDPS,Dihydrodipicolinate synthase,
DHFOR,Dihydrofolate:NAD+ oxidoreductase,
DHFR,Dihydrofolate reductase,
DHFR2i,Dihydrofolate reductase (NAD+),
DHFS,Dihydrofolate synthase,
DHNAOT_1,1 4 dihydroxy 2 naphthoate octaprenyltransferase,
DHNPA_1,Dihydroneopterin aldolase,
DHORDfum,Fumarate dependent DHORD,
DHORDi,Dihydoorotic acid dehydrogenase  irreversible,
DHORTS,Dihydroorotase,
DHPM1,"Dihydropyrimidinase (5,6-dihydrouracil)",
DHPPDA,Diaminohydroxyphosphoribosylaminopyrimidine deaminase,
DHPPDA2,Diaminohydroxyphosphoribosylaminopryrimidine deaminase (25drapp),
DHPS,Dihydropteroate synthase,
DHQS,3-dehydroquinate synthase,
DHQTi,"3-dehydroquinate dehydratase, irreversible",
DHR_1,,
DKGLCNR1,"2,5-diketo-D-gluconate reductase",
DKGLCNR2x,"2,5-diketo-D-gluconate reductase (NADH)",
DKGLCNR2y,"2,5-diketo-D-gluconate reductase (NADPH)",
DMATT,Dimethylallyltranstransferase,
DMPPS,1-hydroxy-2-methyl-2-(E)-butenyl 4-diphosphate reductase (dmpp),
DNADDP,Deamino-NAD+ nucleotidohydrolase,
DNMPPA,Dihydroneopterin monophosphate dephosphorylase,
DNTAep,N N bis 3 5 dinitrotolyl  amine extrusion pump,
DNTPPA,Dihydroneopterin triphosphate pyrophosphatase,
DOPAtex,Dopamine transport via diffusion (extracellular to periplasm),
DPCOAK,Dephospho-CoA kinase,
DPMVD,Diphosphomevalonate decarboxylase,
DPR,2-dehydropantoate 2-reductase,
DRBK,Deoxyribokinase,
DRBK_1,Deoxyribokinase,
DRIBt2,Deoxyribose transport in via proton symporter,
DRIBtex_1,5-Deoxy-D-ribose transport by diffusion,
DRPA,Deoxyribose-phosphate aldolase,
DTMPK,DTMP kinase,
DURADx,Dihydrouracil dehydrogenase (NAD),
DURIPP,Deoxyuridine phosphorylase,
DUTPDP,DUTP diphosphatase,
DXPRIi,1-deoxy-D-xylulose reductoisomerase,
DXPS,1-deoxy-D-xylulose 5-phosphate synthase,
DXYLUDtex,1-deoxy-d-xyluose transport,
DXYLUDtpp,1-deoxy-d-xyluose transport,
D_LACt2,D lactate transport via proton symport,
D_LACt2pp,D-lactate transport via proton symport (periplasm),
D_LACtex,D-lactate transport via diffusion (extracellular to periplasm),
E4PD,Erythrose 4-phosphate dehydrogenase,
ECHA191,ECHA191,
ECHA192,ECHA192,
ECHA193,ECHA193,
ECHA20,MNXR84970,
ECOAH1,3-hydroxyacyl-CoA dehydratase (3-hydroxybutanoyl-CoA),
ECOAH12,3-hydroxyacyl-CoA dehydratase (3-hydroxyisobutyryl-CoA) (mitochondria),
ECOAH14,3 hydroxyacyl CoA dehydratase  3 hydroxyheptanoyl CoA,
ECOAH15,3 hydroxyacyl CoA dehydratase  3 hydroxynonanoyl CoA,
ECOAH1_1,3 hydroxyacyl CoA dehydratase  3 hydroxybutanoyl CoA,
ECOAH2,3-hydroxyacyl-CoA dehydratase (3-hydroxyhexanoyl-CoA),
ECOAH23,3 hydroxyacyl CoA dehydratase  3 hydroxy 6 acetylthiohexanoyl CoA,
ECOAH25,3 hydroxyacyl CoA dehydratase  3 hydroxy  11Z  octadecenyl CoA,
ECOAH27,3 hydroxyacyl CoA dehydratase  3 hydroxy  7Z  tetradecenyl CoA,
ECOAH28,3 hydroxyacyl CoA dehydratase  3 hydroxy  5Z  dodedecenyl CoA,
ECOAH29,3 hydroxyacyl CoA dehydratase  3 hydroxy  9Z  octadecenyl CoA,
ECOAH3,3-hydroxyacyl-CoA dehydratase (3-hydroxyoctanoyl-CoA),
ECOAH30,3 hydroxyacyl CoA dehydratase  3 hydroxy  7Z  hexadecenyl CoA,
ECOAH31,3 hydroxyacyl CoA dehydratase  3 hydroxy  5Z  tetradecenyl CoA,
ECOAH36,3 hydroxyacyl CoA dehydratase  3 hydroxy  5Z 8Z  tetradec dienyl CoA,
ECOAH37,3 hydroxyacyl CoA dehydratase  3 hydroxy  6Z  dodedecenyl CoA,
ECOAH38,3 hydroxyacyl CoA dehydratase  3 hydroxy  4Z  decenyl CoA,
ECOAH4,3-hydroxyacyl-CoA dehydratase (3-hydroxydecanoyl-CoA),
ECOAH5,3-hydroxyacyl-CoA dehydratase (3-hydroxydodecanoyl-CoA),
ECOAH5_1,3 hydroxyacyl CoA dehydratase  3 hydroxydodecanoyl CoA,
ECOAH6,3-hydroxyacyl-CoA dehydratase (3-hydroxytetradecanoyl-CoA),
ECOAH7,3-hydroxyacyl-CoA dehydratase (3-hydroxyhexadecanoyl-CoA),
ECOAH8,3-hydroxyacyl-CoA dehydratase (3-hydroxyoctadecanoyl-CoA),
ECOAH9ir,2 Methylprop 2 enoyl CoA  2 Methylbut 2 enoyl CoA,
EHGLAT,L erythro 4 Hydroxyglutamate2 oxoglutarate aminotransferase,
ENO,Enolase,
ENOPH,Enolase-phosphatase E1,
F1PP,D-fructose 1-phosphate phosphatase,
F6PP,D-fructose 6-phosphate phosphatase,
FA120ACPHi,Fatty-acyl-ACP hydrolase,
FA141ACPHi,Fatty-acyl-ACP hydrolase,
FA161ACPHi,Fatty-acyl-ACP hydrolase,
FACOAE100,Fatty-acid-CoA thioesterase (decanoate),
FACOAE120,Fatty-acid-CoA thioesterase (dodecanoate),
FACOAE140,Fatty-acid-CoA thioesterase (tetradecanoate),
FACOAE141,Fatty-acid-CoA thioesterase (tetradecenoate),
FACOAE160,Fatty-acid-CoA thioesterase (hexadecanoate),
FACOAE161,Fatty-acid-CoA thioesterase (hexadecenoate),
FACOAE180,Fatty-acid-CoA thioesterase (octadecanoate),
FACOAE181,Fatty-acid-CoA thioesterase (octadecenoate),
FACOAE1829Z12Z,"Linoleoyl-CoA hydrolase (18:2(9Z,12Z))",
FACOAE50,Fatty acid CoA thioesterase  pentanoate,
FACOAE60,Fatty-acid-CoA thioesterase (hexanoate),
FACOAE70,Fatty acid CoA thioesterase  heptanoate,
FACOAE80,Fatty-acid-CoA thioesterase (octanoate),
FACOAE90,Fatty acid CoA thioesterase  nonanoate,
FACOAL120t2pp,Fatty-acid-CoA ligase (dodecanoate transport via vectoral Co-A coupling),
FACOAL140,Fatty acid  CoA ligase  tetradecanoate,
FACOAL140t2pp,Fatty-acid-CoA ligase (tetradecanoate transport via vectoral Co-A coupling),
FACOAL141,Fatty acid  CoA ligase  tetradecenoate,
FACOAL141t2pp,Fatty-acid-CoA ligase (tetradecenoate transport via vectoral Co-A coupling),
FACOAL160,Fatty acid  CoA ligase  hexadecanoate,
FACOAL160t2pp,Fatty-acid-CoA ligase (hexadecanoate transport via vectoral Co-A coupling),
FACOAL161,Fatty acid  CoA ligase  hexadecenoate,
FACOAL161t2pp,Fatty-acid-CoA ligase (hexadecenoate transport via vectoral Co-A coupling),
FACOAL180,Fatty acid  CoA ligase  octadecanoate,
FACOAL180t2pp,Fatty-acid-CoA ligase (octadecanoate transport via vectoral Co-A coupling),
FACOAL181,Fatty acid  CoA ligase  octadecenoate,
FACOAL1812,Fatty-acid--CoA ligase,
FACOAL181d11tpp,Fatty acid CoA ligase  octadecenoate transport via vectoral Co A coupling,
FACOAL181t2pp,Fatty-acid-CoA ligase (octadecenoate transport via vectoral Co-A coupling),
FACOAL1821,Linoleic acid:CoA ligase (AMP-forming),
FACOAL50i,Fatty acid  CoA ligase  pentanoate,
FACOAL60i,Fatty acid  CoA ligase  hexanoate,
FACOAL60t2pp,Fatty-acid-CoA ligase (hexanoate transport via vectoral Co-A coupling),
FACOAL80,Fatty-acid--CoA ligase (octanoate),
FACOAL90i,Fatty acid  CoA ligase  nonanoic acid,
FACOAL_70_c,Acyl-CoA synthetase (7:0),
FADB2,FADB2,
FADB3,FADB3,
FADD17,MNXR86378,
FADD3,MNXR22341,
FADE233,R02661,
FADE281,MNXR87732,
FADE282,MNXR87738,
FADE30,MNXR87739,
FADE51,MNXR76950,
FADE52,MNXR22325,
FADH2D,FADH2 dehydrogenase (menaquinone 7 as acceptor),
FADRx2,FAD reductase,
FALDH2,Formaldehyde dehydrogenase,
FALDtpp,Formaldehyde transport via diffusion (periplasm),
FALDtpp2,Formaldehyde extrusion  pp,
FALGTHLs,Formaldehyde glutathione ligase (spontaneous),
FAO11,FAO11,
FAS100,Fatty acid synthase  n C100,
FAS120,Fatty acid synthase  n C120,
FAS140,Fatty acid synthase  n C140,
FAS160,Fatty acid synthase  n C160,
FAS161,Fatty acid synthase  n C161,
FAS180,Fatty acid synthase  n C180,
FAS181,Fatty acid synthase  n C181,
FAS80_L,Fatty acid synthase  n C80   lumped reaction,
FASC141ACP,Fatty acid biosynthesis (n-C14:1),
FBA,Fructose-bisphosphate aldolase,
FBA2,D Fructose 1 phosphate D glyceraldehyde 3 phosphate lyase,
FBA3,"Sedoheptulose 1,7-bisphosphate D-glyceraldehyde-3-phosphate-lyase",
FBP,Fructose-bisphosphatase,
FCLPA,L-fuculose 1-phosphate aldolase,
FCLT,Ferrochelatase,
FDMO4_1,FMN dependent monooxygenase  taurine,
FE2Gabcpp,Iron (II) transport via ABC system (GTP) (periplasm),
FE2abc,Iron (II) transport via ABC system,
FE2abcpp,Iron (II) transport via ABC system (periplasm),
FE2t,Iron  II  transport,
FE2t3pp,Iron (Fe+2) transport out via proton antiport (periplasm),
FE2t4pp,Iron(II) transport out via antiport (periplasm),
FE2tex,Iron (II) transport via diffusion (extracellular to periplasm),
FE3DCIT2abcpp,Iron transport from ferric dicitrate via ABC system  periplasm,
FE3DCITCH,Ferric dicitrate chelation,
FE3DCITabcpp,Iron transport from ferric-dicitrate via ABC system (periplasm),
FE3DCITtonex,Ferric-dicitrate transport via ton system (extracellular),
FE3Gabcpp,Iron (III) transport via ABC system (GTP) (periplasm),
FE3PYOVDL2,Ferripyoverdine complex formation  P putida KT2440 specific,
FE3abc,Iron (III) transport via ABC system,
FE3t,"Ferric iron uptake, plasma membrane",
FEDCabc,Iron  III  dicitrate transport via ABC system,
FEOXAMR3,Ferroxamine reductase,
FEOXAMUtex,Ferroxamine (minus Fe3) secretion (to extracellular),
FEOXAMUtpp,Ferroxamine (minus Fe3) secretion (to periplasm),
FEOXAMabcpp,Ferroxamine transport via ABC system (periplasm),
FEOXAMtonex,Ferroxamine transport via ton system (extracellular),
FEROc,Ferroxidase,
FEROpp,Ferroxidase,
FGLU,Formimidoylglutamase,
FLVR,Flavin reductase,
FMNAT,FMN adenylyltransferase,
FMNRx2,FMN reductase,
FMNRy,FMN reductase  NADPH dependent,
FOLR2,Folate reductase,
FOLt,Folate transport via proton simport,
FORAMD,FORAMD,
FORMCOAL,FORMCOAL,
FRTT,Farnesyltranstransferase,
FTHFCL,5 formethyltetrahydrofolate cyclo ligase,
FTHFLi,Formate-tetrahydrofolate ligase,
FUCpts,,
FUM,Fumarase,
FUMAC,Fumarylacetoacetase,
FUMt2r,Fumarate reversible transport via symport,
G1PACT,Glucosamine-1-phosphate N-acetyltransferase,
G1PP,Glucose-1-phosphatase,
G1SAT,Glutamate-1-semialdehyde aminotransferase,
G3PAT120,Glycerol-3-phosphate acyltransferase (C12:0),
G3PAT141,Glycerol-3-phosphate acyltransferase (C14:1),
G3PAT161,Glycerol-3-phosphate acyltransferase (C16:1),
G3PCabcpp,Sn-glycerol-3-phosphocholine transport via ABC system (periplasm),
G3PCtex,Glycero-3-phosphocholine transport via diffusion (extracellular to periplasm),
G3PD1ir,Glycerol 3 phosphate dehydrogenase  NAD,
G3PEabcpp,Sn-glycerol-3-phosphoethanolamine transport via ABC system (periplasm),
G3PEtex,Glycero-3-phosphoethanolamine transport via diffusion (extracellular to periplasm),
G3PT,Glycerol-3-phosphatase,
G5SADs,L-glutamate 5-semialdehyde dehydratase (spontaneous),
G5SD,Glutamate-5-semialdehyde dehydrogenase,
G5SD2,Glutamate 5 semialdehyde dehydrogenase,
G6PDA,Glucosamine-6-phosphate deaminase,
G6PDH2r,Glucose 6-phosphate dehydrogenase,
G6PI,Glucose 6 phosphate isomerase,
G6PI3,Glucose 6 phosphate isomerase,
G6PP,Glucose-6-phosphate phosphatase,
GALCTD,Galactarate dehydratase,
GALKr,Galactokinase,
GALM1,Aldose 1-epimerase (glucose),
GALM2,Aldose 1-epimerase (galactose),
GALS3,A-galactosidase (melibiose),
GALT,Galactose 1 phosphate uridylyltransferase,
GALTpts,Galactitol transport via PEP:Pyr PTS,
GALURDH,Galacturonate dehydrogenase,
GALURt2r,"D-galacturonate transport via proton symport, reversible",
GALUi,UTP-glucose-1-phosphate uridylyltransferase (irreversible),
GALt2,D galactose transport in via proton symport,
GALt2_3,,
GALt2pp,D-galactose transport in via proton symport (periplasm),
GALtex,D-galactose transport via diffusion (extracellular to periplasm),
GAPD,Glyceraldehyde-3-phosphate dehydrogenase,
GARFT,Phosphoribosylglycinamide formyltransferase,
GCALDD,Glycolaldehyde dehydrogenase,
GCDH,,
GCVHADPr,GcvH-L complex ADP ribosylation,
GCVHRADPr,GcvH-L complex reverse ADP ribosylation,
GD3P2,,
GDOCBIK,,
GDPMNH,GDP-mannose mannosyl hydrolase,
GF6PTA,Glutamine-fructose-6-phosphate transaminase,
GG15DAPAH,Gamma glutamyl delta amino valeric acid hydrolase,
GG15DAPDxr,Gamma glutamyl delta aminovalerate dehydrogenase,
GG15DAPO,Gamma glutamyl cadaverine oxidase,
GG15DAPS,Gamma glutamyl cadaverine synthase,
GGGABADr,Gamma-glutamyl-gamma aminobutyric acid dehydrogenase,
GGGABAH,Gamma-glutamyl-gamma-aminobutyric acid hydrolase,
GGLUCT2,GGLUCT2,
GGPTRCO,Gamma glutamyl putrescine oxidase,
GGPTRCS,Gamma glutamyl putrescine synthase,
GHMT2r,"Glycine hydroxymethyltransferase, reversible",
GK1,Guanylate kinase (GMP:ATP),
GK2,Guanylate kinase  GMPdATP,
GLCRAL,5-dehydro-4-deoxyglucarate aldolase,
GLCURt2r,"D-glucuronate transport via proton symport, reversible",
GLCt2,D-glucose transport in via proton symport,
GLCt2pp,D-glucose transport in via proton symport (periplasm),
GLCtex,Glucose transport via diffusion (extracellular to periplasm),
GLGC,Glucose-1-phosphate adenylyltransferase,
GLNS,Glutamine synthetase,
GLNS_1,Glutamine synthetase,
GLNabc,L-glutamine transport via ABC system,
GLNabcpp,L-glutamine transport via ABC system (periplasm),
GLNt,L-glutamine transport via diffusion,
GLNtex,L-glutamine transport via diffusion (extracellular to periplasm),
GLS,"Glucan hydrolysis by beta-1,4- and beta-1,3 glucosidase",
GLS2,"Glucan hydrolysis by beta-1,4- and beta-1,3 glucosidase",
GLTPD,Galactitol-1-phosphate dehydrogenase,
GLU5K,Glutamate 5-kinase,
GLUABUTt7pp,4-aminobutyrate/glutamate antiport (periplasm),
GLUCAN2abc,Glucan transport via ATP transporter,
GLUCANabc,Glucan transport via ATP transporter,
GLUCYS,Gamma-glutamylcysteine synthetase,
GLUDC,Glutamate Decarboxylase,
GLUDxi,Glutamate dehydrogenase  NAD,
GLUN,Glutaminase,
GLUNpp,Glutaminase,
GLUPRT,Glutamine phosphoribosyldiphosphate amidotransferase,
GLUR,Glutamate racemase,
GLUSx,Glutamate synthase  NADH2,
GLUTARH,Glutarate hydroxylase,
GLUTCOADHc,Glutaryl-CoA dehydrogenase (citosol),
GLUTRR,Glutamyl-tRNA reductase,
GLUTRS,Glutamyl-tRNA synthetase,
GLUabc,L-glutamate transport via ABC system,
GLUabcpp,L-glutamate transport via ABC system (periplasm),
GLUt2r,L glutamate transport via proton symport  reversible,
GLUt2rpp,"L-glutamate transport via proton symport, reversible (periplasm)",
GLUt3,L-glutamatetransport via diffusion,
GLUt4,Na+/glutamate symport,
GLXO1,Glyoxylate oxidase,
GLYALDDr,D-Glyceraldehyde dehydrogenase,
GLYBACT1r,Glycine betaine CoA C acetyltransferase,
GLYBCOAT,Glycine betaine CoA thioesterase,
GLYBabc,Glycine betaine transport via ABC system,
GLYBt3pp,Glycine betaine transport via proton antiport (periplasm),
GLYBtex,Glycine betaine transport via diffusion (extracellular to periplasm),
GLYCK2,Glycerate kinase,
GLYCL,Glycine Cleavage System,
GLYCLTDx,Glycolate dehydrogenase (NAD),
GLYCLTDy,Glycolate dehydrogenase (NADP),
GLYCLTt2r,"Glycolate transport via proton symport, reversible",
GLYCLTt2rpp,"Glycolate transport via proton symport, reversible (periplasm)",
GLYCLTtex,Glycolate transport via diffusion (extracellular to periplasm),
GLYCTO3,Glycolate oxidase,
GLYCt,Glycerol transport via channel,
GLYCtpp,Glycerol transport via channel (periplasm),
GLYGLYCNc,Hydrolysis of glycylycine for uptake,
GLYK,Glycerol kinase,
GLYOX,Hydroxyacylglutathione hydrolase,
GLYabc,Glycine transport via ABC system,
GLYt4,Glycine transport via sodium symport,
GMPS2,GMP synthase,
GND,Phosphogluconate dehydrogenase,
GNK,Gluconokinase,
GNP,Phosphogluconate phosphatase,
GOX,Glycine oxidase,
GPDDA1,Glycerophosphodiester phosphodiesterase (Glycerophosphocholine),
GPDDA1_1,Glycerophosphodiester phosphodiesterase (Glycerophosphocholine),
GPDDA2,Glycerophosphodiester phosphodiesterase (Glycerophosphoethanolamine),
GPDDA2_1,Glycerophosphodiester phosphodiesterase (Glycerophosphoethanolamine),
GPDDA3_1,Glycerophosphodiester phosphodiesterase (Glycerophosphoserine),
GPDDA4,Glycerophosphodiester phosphodiesterase (Glycerophosphoglycerol),
GPDDA4_1,Glycerophosphodiester phosphodiesterase (Glycerophosphoglycerol),
GRTT,Geranyltranstransferase,
GRXR,Glutaredoxin reductase,
GTHOr,Glutathione oxidoreductase,
GTHPi,Glutathione peridoxase,
GTHRDH_syn,Glutathione hydralase (periplasmic),
GTHRDt2,Glutathione transport,
GTHRDt2_1,Glutathione transport,
GTHS,Glutathione synthetase,
GTMLT,G glutamyltransferase,
GTPCI,GTP cyclohydrolase I,
GTPCII,GTP cyclohydrolase II,
GTPCII2,GTP cyclohydrolase II (25drapp),
GTPDPDP,"Guanosine-5'-triphosphate,3'-diphosphate diphosphatase",
GTPDPK_1,ATP:GTP 3'-diphosphotransferase,
GTPH1,GTP diphosphohydrolase,
GTPHs,GTP amine hydrolysis (spontaneous),
GUACYC,Guanylate cyclase,
GUAD,Guanine deaminase,
GUAPRT,Guanine phosphoribosyltransferase,
GUAt,Guanine transport,
GUAt2pp,Guanine transport in via proton symport (periplasm),
GUAt2r,Guanine reversible transport via proton symport,
GUAtpp,Guanine transport via diffusion (periplasm),
GalMr,Aldose 1-epimerase,
H2O2tex,Hydrogen peroxide transport via diffusion (external),
H2Ot,H2O transport via diffusion,
H2Otex,H2O transport via diffusion (extracellular to periplasm),
H2Otpp,H2O transport via diffusion (periplasm),
H2SO,Hydrogen sulfide oxidation,
H2St1,H2s transport (diffusion),
HACD1,3-hydroxyacyl-CoA dehydrogenase (acetoacetyl-CoA),
HACD10i,3 hydroxyacyl CoA dehydrogenase   3 oxoheptaryl CoA,
HACD11i,3 hydroxyacyl CoA dehydrogenase  3 oxononaryl CoA,
HACD19i,3 hydroxyacyl CoA dehydrogenase  3 oxo 6acetylthiohexanoyl CoA,
HACD1_1,3 hydroxyacyl CoA dehydrogenase  acetoacetyl CoA,
HACD1i,3-hydroxyacyl-CoA dehydrogenase (acetoacetyl-CoA),
HACD2,3-hydroxyacyl-CoA dehydrogenase (3-oxohexanoyl-CoA),
HACD20i,3 hydroxyacyl CoA dehydrogenase  3 oxo  11Z  octadecenyl CoA,
HACD22i,3 hydroxyacyl CoA dehydrogenase  3 oxo  7Z  tetradecenyl CoA,
HACD23i,3 hydroxyacyl CoA dehydrogenase  3 oxo  5Z  dodedecenyl CoA,
HACD24i,3 hydroxyacyl CoA dehydrogenase  3 oxo  9Z  octadecenyl CoA,
HACD25i,3 hydroxyacyl CoA dehydrogenase  3 oxo  7Z  hexadecenyl CoA,
HACD26i,3 hydroxyacyl CoA dehydrogenase  3 oxo  5Z  tetradecenyl CoA,
HACD2i,3-hydroxyacyl-CoA dehydrogenase (3-oxohexanoyl-CoA),
HACD3,3-hydroxyacyl-CoA dehydrogenase (3-oxooctanoyl-CoA),
HACD31i,3 hydroxyacyl CoA dehydrogenase  3 oxo  5Z 8Z  tetradec dienyl CoA,
HACD32i,3 hydroxyacyl CoA dehydrogenase  3 oxo  6Z  dodedecenyl CoA,
HACD33i,3 hydroxyacyl CoA dehydrogenase  3 oxo  4Z  decenyl CoA,
HACD3i,3-hydroxyacyl-CoA dehydrogenase (3-oxooctanoyl-CoA),
HACD4,3-hydroxyacyl-CoA dehydrogenase (3-oxodecanoyl-CoA),
HACD4i,3-hydroxyacyl-CoA dehydrogenase (3-oxodecanoyl-CoA),
HACD5,3-hydroxyacyl-CoA dehydrogenase (3-oxododecanoyl-CoA),
HACD5i,3-hydroxyacyl-CoA dehydrogenase (3-oxododecanoyl-CoA),
HACD6,3-hydroxyacyl-CoA dehydrogenase (3-oxotetradecanoyl-CoA),
HACD6i,3-hydroxyacyl-CoA dehydrogenase (3-oxotetradecanoyl-CoA),
HACD7,3-hydroxyacyl-CoA dehydrogenase (3-oxohexadecanoyl-CoA),
HACD7i,3-hydroxyacyl-CoA dehydrogenase (3-oxohexadecanoyl-CoA),
HACD8,"3-hydroxyacyl-CoA dehydrogenase (3-oxooctadecanoyl-CoA), peroxisomal",
HACD8i,3-hydroxyacyl-CoA dehydrogenase (3-oxooctadecanoyl-CoA),
HACD9,3 hydroxyacyl CoA dehydrogenase  2 Methylacetoacetyl CoA,
HACOADr,3 hydroxyacyl CoA dehydrogenase,
HBCE,3 hydroxyacyl CoA dehydratase  3 hydroxybutanoyl CoA,
HBCH,,
HBCHLR,(3R)-3-Hydroxybutanoyl-CoA hydro-lyase,
HBRCH,R hydroxy acyl CoA thioesterase  C40,
HBZOPT,Hydroxybenzoate octaprenyltransferase,
HCITI,,
HCO3E,HCO3 equilibration reaction,
HCYSMT,Homocysteine S-methyltransferase,
HDAD,MNXR76953,
HETZK,Hydroxyethylthiazole kinase,
HEX1,Hexokinase (D-glucose:ATP),
HEX4,Hexokinase (D-mannose:ATP),
HEX7,Hexokinase (D-fructose:ATP),
HG2t3pp,Mercury (Hg+2) transport out via proton antiport (periplasm),
HG2tppi,Mercury  Hg2  transport via diffusion  periplasm to cytoplasm,
HGNTOR,Homogentisateoxygen 1 2 oxidoreductase  decyclizing,
HIAA,HIAA,
HIAt,THIA Transport,
HIBD,3 hydroxyisobutyrate dehydrogenase,
HIBDkt,3-hydroxyisobutyrate dehydrogenase,
HICITD,,
HIPB,HIPB,
HISDr,Histidase r,
HISTD,Histidinol dehydrogenase,
HISTP,Histidinol-phosphatase,
HISabc,L-histidine transport via ABC system,
HMBS,Hydroxymethylbilane synthase,
HMBS_1,Hydroxymethylbilane synthase,
HMGCOAR,Hydroxymethylglutaryl CoA reductase,
HMGCOAS,Hydroxymethylglutaryl CoA synthase,
HMGL,Hydroxymethylglutaryl-CoA lyase,
HMGL_2,,
HMPK1,Hydroxymethylpyrimidine kinase (ATP),
HMPPtr,Hydroxymethl pyrimidine phosphate ABC transport,
HMR_0188,Long-Chain-Fatty-Acid Coenzyme A Ligase,
HMR_0260,Palmitoyl Coenzyme A Hydrolase,
HMR_9638,HMR 9638,
HOPNTAL2,4-hydroxy-2-oxopentanoate aldolase(p-xylene),
HPACt2r,Ydroxyphenylacetate transport in via proton symporter,
HPHACA,2--hydroxyphenylacetate hydroxylase,
HPROb,L hydroxyproline reductase  NADP,
HPYRI,Hydroxypyruvate isomerase,
HPYRP,3-phosphohydroxypyruvate phosphatase,
HPYRRx,Hydroxypyruvate reductase (NADH),
HPYRRy,Hydroxypyruvate reductase (NADPH),
HSA,MNXR75761,
HSAC,R04597,
HSAE,R09960,
HSDxi,Homoserine dehydrogenase  NADH   irreversible,
HSDy,Homoserine dehydrogenase (NADPH),
HSERTA,Homoserine O trans acetylase,
HSK,Homoserine kinase,
HSTPT,Histidinol-phosphate transaminase,
HVCD,3-hydroxyacyl-CoA dehydrogenase (3-hydroxyacyl-CoA dehydrogenase (3-oxovaleryl-CoA)),
HXANt2pp,Hypoxanthine transport in via proton symport (periplasm),
HXANt2r,Hypoxanthine reversible transport via proton symport,
HXAtex,Hexanoate transport via diffusion (extracellular to periplasm),
HXPRT,Hypoxanthine phosphoribosyltransferase (Hypoxanthine),
HYPOE,Hypothetical enyme,
HYXNtex,Hypoxanthine transport via diffusion (extracellular to periplasm),
ICDHyr,Isocitrate dehydrogenase (NADP),
ICHORS,Isochorismate synthase,
ICHORT,Isochorismatase,
ICL,Isocitrate lyase,
IDOND,L-idonate 5-dehydrogenase,
IG3PS,Imidazole-glycerol-3-phosphate synthase,
IGPDH,Imidazoleglycerol-phosphate dehydratase,
IGPS,Indole-3-glycerol-phosphate synthase,
ILETA,Isoleucine transaminase,
ILEabc,L-isoleucine transport via ABC system,
IMPC,IMP cyclohydrolase,
IMPD,IMP dehydrogenase,
IND3ACtex,Indole 3 acetate transport  exterior,
IND3ACtpp,Indole 3 acetic acid export  periplasm,
INDPYRD,Indole 3 pyruvate decarboxylase,
INOSR,Ketoinositol reductase,
INOSTO,Myo-Inositol:oxygen oxidoreductase,
INOST_Et,Myo-Inositol transport (transport mechanism unknown - evidence from biolog data),
INS2D,Inositol 2-dehydrogenase,
INSTt2,Inositol transport in via proton symport,
IPDDI,Isopentenyl-diphosphate D-isomerase,
IPDPS,1-hydroxy-2-methyl-2-(E)-butenyl 4-diphosphate reductase (ipdp),
IPDPUDCT,,
IPMD,3-isopropylmalate dehydrogenase,
IPPMIa,3-isopropylmalate dehydratase,
IPPMIb,2-isopropylmalate hydratase,
IPPS,2-isopropylmalate synthase,
IZPN,Imidazolonepropionase,
KARA1,"Ketol-acid reductoisomerase (2,3-dihydroxy-3-methylbutanoate)",
KARA2,Ketol-acid reductoisomerase (2-Acetolactate),
KAS13,B-ketoacyl synthetase (octadecanoate),
KAS17,B-ketoacyl synthetase (n-C18:1),
KAS2,B-ketoacyl synthetase (n-C14:0),
KAS7,B-ketoacyl synthetase (n-C16:1),
KAS8,"B-ketoacyl synthetase (palmitate, n-C16:0)",
KAT20,Acetyl CoA C acyltransferase  cis hexadec 9 enoyl CoA,
KAT24,Acetyl CoA C acyltransferase  cis hexadec 7 enoyl CoA,
KAT25,Acetyl CoA C acyltransferase  cis tetradec 5 enoyl CoA,
KSH,R09860,
KSTD,MNXR85993,
Kt1,Potassium transport via uniport (facilitated diffusion),
Kt2pp,Potassium transport in via proton symport (periplasm),
Kt2r,Potassium reversible transport  via proton symport,
Ktex,Potassium transport via diffusion (extracellular to periplasm),
LAAL1,L amino acid ligase  L glycine L glycine,
LACLt2,,
LADGMDH,L-alanyl-gamma-D-glutamyl-meso-diaminopimelate hydrolase,
LALDO,D-Lactaldehyde NAD+ oxidoreductase (glutathione-formylating),
LALDO2x,D-Lactaldehyde:NAD+ 1-oxidoreductase,
LALDO3,L-Lactaldehyde:NADP+ 1-oxidoreductase,
LALGP,L-alanyl-gamma-L-glutamate peptidase,
LASP2OA,L-Aspartate 2-oxoglutarate aminotransferase,
LAT,R00457,
LCADi,Lactaldehyde dehydrogenase,
LCARR,"Lacaldehyde reductase (R-propane-1,2-diol forming)",
LCARS,"Lacaldehyde reductase (S-propane-1,2-diol forming)",
LCARSyi,"Lacaldehyde reductase (S-propane-1,2-diol forming)",
LDH_L,L-lactate dehydrogenase,
LEUTA,Leucine transaminase,
LEUabc,L-leucine transport via ABC system,
LGTHL,Lactoylglutathione lyase,
LIPAMPL,Lipoyl-adenylate protein ligase,
LIPATPT,Lipoate-ATP adenylate transferase,
LIPOPBt,Lipoate transport via proton symport,
LMN2,Laminaribiase,
LMN2abc,Laminoribiose transport via ABC-transporter,
LPLIPAL2G120,"Lysophospholipase L2 (2-acylglycerophosphoglycerol, n-C12:0)",
LPLIPAL2G141,"Lysophospholipase L2 (2-acylglycerophosphoglycerol, n-C14:1)",
LPLIPAL2G161,"Lysophospholipase L2 (2-acylglycerophosphoglycerol, n-C16:1)",
LSERDHr,L-serine dehydrogenase,
LTHRK,L threonine kinase,
LYSDC,Lysine decarboxylase,
LYSabc,L-lysine transport via ABC system,
LYSabcpp,L-lysine transport via ABC system (periplasm),
LYSt2pp,L-lysine transport in via proton symport (periplasm),
LYSt2r,L lysine reversible transport via proton symport,
LYSt5r,LYStiDF,
LYStex,L-lysine transport via diffusion (extracellular to periplasm),
L_LACt2r,L lactate reversible transport via proton symport,
L_LACt2rpp,L-lactate reversible transport via proton symport (periplasm),
L_LACtex,L-lactate transport via diffusion (extracellular to periplasm),
LacR,Lactate racemase,
MACACI,Maleylacetoacetate isomerase,
MACCOAT,2-Methylacetyl-CoA thiolase,
MALS,Malate synthase,
MALT,Alpha glucosidase,
MALTHXabcpp,Maltohexaose transport via ABC system (periplasm),
MALt2r,L malate reversible transport via proton symport,
MALt4,Namalate symporter,
MAN1PT,Mannose 1 phosphate guanylyltransferase,
MAN1PT2,Mannose-1-phosphate guanylyltransferase (GDP),
MAN6PI,Mannose-6-phosphate isomerase,
MANt2,D mannose transport in via proton symport,
MBCOAi,"3-Methylbutanoyl-CoA:(acceptor) 2,3-oxidoreductase",
MCCC,Methylcrotonoyl-CoA carboxylase,
MCOATA,Malonyl-CoA-ACP transacylase,
MCPST,3-mercaptopyruvate sulfurtransferase,
MCSNAH,5-Methylcytosine aminohydrolase,
MCTP1Bpp,Murein crosslinking transpeptidase 1B:(A2pm->A2pm) (periplasm),
MDDCP5pp,"Murein D,D-carboxypeptidase (murein5p3p) (periplasm)",
MDH,Malate dehydrogenase,
MDNTHAep,N  2 methyl 3 5 dinitrophenyl  4 methyl 3 5 dinitroaniline extrusion pump,
MDRPD,5-Methylthio-5-deoxy-D-ribulose 1-phosphate dehydratase,
ME1,Malic enzyme (NAD),
ME2,Malic enzyme (NADP),
MECDPDH4E,,
MECDPS,"2-C-methyl-D-erythritol 2,4-cyclodiphosphate synthase",
MELIB_Et,Melibiose transport (transport mechanism unknown - evidence from biolog data),
MEPCT_1,2-C-methyl-D-erythritol 4-phosphate cytidylyltransferase,
METAT,Methionine adenosyltransferase,
METB1,Metb1 (rev),
METDabc,D-methionine transport via ABC system,
METGL,Methionine g lyase,
METOX1s,Methionine oxidation (spontaneous),
METOX2s,Methionine oxidation 2 (spontaneous),
METRR,,
METS,Methionine synthase,
METSOXR1,L-methionine-S-oxide reductase,
METSOXR2,L-methionine-R-sulfoxide reductase,
METSR_R1,L methionine R oxide reductase  trdrd,
METSR_S1,L methionine S oxide reductase  trdrd,
METSRabc,L methionine R oxide transport via ABC system,
METSabc,L methionine S oxide transport via ABC system,
METabc,L-methionine transport via ABC system,
METabcpp,L-methionine transport via ABC system (periplasm),
METt2r,L methionine reversible transport via proton symport,
METtex,L-methionine transport via diffusion (extracellular to periplasm),
MEVK1,Mevalonate kinase  atp,
MG2abc,Magnesium transport via ABC system,
MG2tex,Magnesium (Mg+2) transport via diffusion (extracellular to periplasm),
MG2uabcpp,"Magnesium (Mg+2) ABC transporter (ubtake, periplasm)",
MGCH,Methylglutaconyl-CoA hydratase,
MGSA,Methylglyoxal synthase,
MGt5,Magnesium transport in/out via permease (no H+),
MHPGLUT,5 methyltetrahydropteroyltriglutamate homocysteine S methyltransferase,
MHPGLUT2,5-methyltetrahydropteroyltriglutamate methyltransferase,
MI1PP,Myo-inositol 1-phosphatase,
MI1PS,Myo Inositol 1 phosphate synthase,
MI3PP,1D-myo-Inositol 3-phosphate phosphohydrolase,
MI3PS,1D-myo-inositol-3-phosphate lyase (isomerizing),
MLDEP2pp,"Murein L,D-endopeptidase (murein5px3p) (periplasm)",
MLTG1,Maltodextrin glucosidase (maltotriose),
MLTG2,Maltodextrin glucosidase (maltotetraose),
MLTG3,Maltodextrin glucosidase (maltopentaose),
MLTG4,Maltodextrin glucosidase (maltohexaose),
MLTG5,Maltodextrin glucosidase (maltoheptaose),
MLTGY2pp,Murein lytic transglycosylase (murein4p3p) (periplasm),
MLTP3,Maltodextrin phosphorylase (maltoheptaose),
MMCD,Methylmalonyl-CoA decarboxylase,
MMSAD1,Methylmalonate semialdehyde dehydrogenase,
MMTSAO,(S)-Methylmalonate semialdehyde:NAD+ oxidoreductase (CoA-propanoylating),
MN2t3pp,Manganese (Mn+2) transport out via proton antiport (periplasm),
MN2tpp,Manganese transport in via permease (no H+),
MNLDH2,Mannitol dehydrogenase (fructose),
MNLDHr,Mannitol dehydrogenase,
MNt2,Manganese transport in via proton symport,
MOHMT,3-methyl-2-oxobutanoate hydroxymethyltransferase,
MPTG,Murein polymerizing transglycosylase,
MTAP,5  methylthioadenosine phosphorylase,
MTHFC,Methenyltetrahydrofolate cyclohydrolase,
MTHFD,Methylenetetrahydrofolate dehydrogenase (NADP),
MTHFD2i,Methylenetetrahydrofolate dehydrogenase  NAD,
MTHFR3,5 10 methylenetetrahydrofolatereductase  NADPH,
MTRI,5-methylthioribose-1-phosphate isomerase,
MUCCY_kt,3 carboxy cis cis muconate cycloisomerase,
N2Otex,Nitrious oxide transport via diffusion (extracellular to periplasm),
N2Otpp,Nitrious oxide transport (diffusion),
NABTNO,N4 AcetylaminobutanalNAD oxidoreductase,
NACt,Nicotinic acid transport,
NACt1pp,Nicotinic acid transport via proton symport  periplasm,
NACtex,Nicotinic acid transport via diffusion (extracellular to periplasm),
NADDP,NAD diphosphatase,
NADH10,NADH dehydrogenase (menaquinone-8 & 0 protons),
NADH4,NADH dehydrogenase  Menaquinone 7  no proton,
NADH5,NADH dehydrogenase (ubiquinone-8 ),
NADH9,NADH dehydrogenase (demethylmenaquinone-8 & 0 protons),
NADHHR,NADH hydratase,
NADHHS,NADH hydratase,
NADHXD,NADHX dehydratase,
NADHXE,NADHX epimerase,
NADK,NAD kinase,
NADPHHR,NADPH hydratase,
NADPHHS,NADPH hydratase,
NADPHQR2,NADPH Quinone Reductase (Ubiquinone-8),
NADPHQR3,NADPH Quinone Reductase (Menaquinone-8),
NADPHXD,NADPHX dehydratase,
NADPHXE,NADPHX epimerase,
NADS1,NAD synthase (nh3),
NADS2,Nicotinate-mononucleotide adenylyltransferase,
NAKt2pp,Potassium/sodium symport system (periplasm),
NAPRT,NAPRTase (rev),
NARK,"Nitrite transport, extracellular",
NAabc,,
NAt3_1,Sodium proton antiporter  HNA is 11,
NAt3pp,Sodium transport out via proton antiport (cytoplasm to periplasm),
NBAHH_ir,Nalpha-(beta-alanyl)-L-histidine hydrolase IR,
NDP3,Nucleoside diphosphatase  GDP,
NDP7,Nucleoside diphosphatase  UDP,
NDP8,Nucleoside-diphosphatase (dUDP),
NDPK1,Nucleoside-diphosphate kinase (ATP:GDP),
NDPK2,Nucleoside-diphosphate kinase (ATP:UDP),
NDPK3,Nucleoside-diphosphate kinase (ATP:CDP),
NDPK4,Nucleoside-diphosphate kinase (ATP:dTDP),
NDPK5,Nucleoside-diphosphate kinase (ATP:dGDP),
NDPK6,Nucleoside-diphosphate kinase (ATP:dUDP),
NDPK7,Nucleoside-diphosphate kinase (ATP:dCDP),
NDPK8,Nucleoside-diphosphate kinase (ATP:dADP),
NDPK9,Nucleoside diphosphate kinase  ATPIDP,
NH3c,Ammomnium proton dissociation,
NH4OHDs,NH4OH dissociation,
NH4t,Ammonia reversible transport,
NH4tex,Ammonia transport via diffusion (extracellular to periplasm),
NH4tpp,Ammonia reversible transport (periplasm),
NHFRBO,NADH:flavorubredoxin oxidoreductase,
NI2t3pp,Nickle (Ni+2) transport out via proton antiport (periplasm),
NI2t4pp,Nickel transport out via antiport (periplasm),
NI2tpp,Nickel (+2) transport in via permease (no H+),
NI2uabcpp,"Nickel transport via ABC system (uptake, periplasm)",
NITR,Nitrate reductase (NADH),
NIt5,Nickel transport in/out via permease(noH+),
NMNAT,Nicotinamide-nucleotide adenylyltransferase,
NMNHYD,Nicotinamide ribonucleotide phosphohydrolase,
NMNTP,Nmntp,
NMO,Nitronate Monooxygenase,
NNAM,Nicotinamidase,
NNATr,Nicotinate-nucleotide adenylyltransferase,
NNDPR,Nicotinate-nucleotide diphosphorylase (carboxylating),
NO2tex,Nitrite transport via diffusion (extracellular to periplasm),
NO3abc,,
NO3t,"Nitrate transport, extracellular",
NOt,NO transport (diffusion),
NP1,Nucleotide phosphatase,
NP1_1,Nucleotide phosphatase,
NPHS,Naphthoate synthase,
NT5C,5'-nucleotidase,
NTD1,5'-nucleotidase (dUMP),
NTD10,5'-nucleotidase (XMP),
NTD11,5'-nucleotidase (IMP),
NTD12,5'-nucleotidase (dIMP),
NTD2,5'-nucleotidase (UMP),
NTD3,5'-nucleotidase (dCMP),
NTD4,5'-nucleotidase (CMP),
NTD5,5'-nucleotidase (dTMP),
NTD6,5'-nucleotidase (dAMP),
NTD7,5'-nucleotidase (AMP),
NTD8,5'-nucleotidase (dGMP),
NTD9,5'-nucleotidase (GMP),
NTP1,Nucleoside-triphosphatase (ATP),
NTP3,Nucleoside-triphosphatase (GTP),
NTP5,Nucleoside-triphosphatase (CTP),
NTPP1,Nucleoside triphosphate pyrophosphorylase (dgtp),
NTPP10,Nucleoside triphosphate pyrophosphorylase (ditp),
NTPP11,Nucleoside triphosphate pyrophosphorylase (xtp),
NTPP2,Nucleoside triphosphate pyrophosphorylase (gtp),
NTPP7,Nucleoside triphosphate pyrophosphorylase (dttp),
NTPP8,Nucleoside triphosphate pyrophosphorylase (utp),
NTPP9,Nucleoside triphosphate pyrophosphorylase (itp),
NTR3B,Nitrate reductase,
NTRIR2x,Nitrite Reductase (NADH),
NTRIR2y,Nitrite Reductase (NADPH),
NTRIR3pp,"Nitrite Reductase (Ubiquinole-8, periplasm)",
NTRIRx,Nitrite reductase (NADH),
NTRIRy,Nitrite reductase (NADPH),
O2tex,Oxygen transport via diffusion (extracellular to periplasm),
O2tpp,O2 transport via diffusion (periplasm),
OCBT_2,Ornithine carbamoyltransferase,
OCDCEAt,Octadecenoate  n C181  transport in via uniport,
OCOAT4,3 oxoacid CoA transferase  Succinyl CoA dehydrocarnitine,
OCTDPS,Octaprenyl pyrophosphate synthase,
OHPBAT,O-Phospho-4-hydroxy-L-threonine:2-oxoglutarate aminotransferase,
OIVD1r,2-oxoisovalerate dehydrogenase (acylating; 4-methyl-2-oxopentaoate),
OIVD2,2-oxoisovalerate dehydrogenase (acylating; 3-methyl-2-oxobutanoate),
OIVD3,2-oxoisovalerate dehydrogenase (acylating; 3-methyl-2-oxopentanoate),
OMCDC,2-Oxo-4-methyl-3-carboxypentanoate decarboxylation,
OMPDC,Orotidine-5'-phosphate decarboxylase,
OPAH,5-Oxoproline amidohydrolase (ATP-hydrolysing) (ir),
OPHBDC,Octaprenyl-hydroxybenzoate decarboxylase,
OPHHX,2-Octaprenylphenol hydroxylase,
ORNCD_1,Ornithine cyclodeaminase,
ORNDC,Ornithine Decarboxylase,
ORNR,,
ORNTA,Ornithine transaminase,
ORNt2r,Orntithine reversible transport in via proton symport,
ORPT,Orotate phosphoribosyltransferase,
OXCDC,Oxalyl-CoA decarboxylase,
OXOAEL,3-oxoadipate enol-lactone hydrolase,
OXPTNDH,Glutarate-semialdehyde:NAD+ oxidoreductase,
P5CR,Pyrroline-5-carboxylate reductase,
P5CRx,Pyrroline-5-carboxylate reductase(nadh),
PA120abcpp,"Phosphatidate transport via ABC system (n-C12:0, periplasm)",
PA140abcpp,"Phosphatidate transport via ABC system (n-C14:0, periplasm)",
PA141abcpp,"Phosphatidate transport via ABC system (n-C14:1, periplasm)",
PA160abcpp,"Phosphatidate transport via ABC system (n-C16:0, periplasm)",
PA161abcpp,"Phosphatidate transport via ABC system (n-C16:1, periplasm)",
PA180abcpp,"Phosphatidate transport via ABC system (n-C18:0, periplasm)",
PA181abcpp,"Phosphatidate transport via ABC system (n-C18:1, periplasm)",
PACALDtex,Phenethylacetaldehyde transport via diffusion (extracellular to periplasm),
PANTS,Pantothenate synthase,
PAPA120pp,"Phosphatidate phosphatase (periplasmic, n-C12:0)",
PAPA140pp,"Phosphatidate phosphatase (periplasmic, n-C14:0)",
PAPA141pp,"Phosphatidate phosphatase (periplasmic, n-C14:1)",
PAPA160pp,"Phosphatidate phosphatase (periplasmic, n-C16:0)",
PAPA161pp,"Phosphatidate phosphatase (periplasmic, n-C16:1)",
PAPA180pp,"Phosphatidate phosphatase (periplasmic, n-C18:0)",
PAPA181pp,"Phosphatidate phosphatase (periplasmic, n-C18:1)",
PAPPT3,"Phospho-N-acetylmuramoyl-pentapeptide-transferase (meso-2,6-diaminopimelate)",
PAPSR,Phosphoadenylyl-sulfate reductase (thioredoxin),
PC,Pyruvate carboxylase,
PC2DHG,,
PCADYOX,Protocatechuate 3 4 dioxygenase,
PDBL_3,,
PDBL_4,,
PDC,,
PDE1,"3',5'-cyclic-nucleotide phosphodiesterase",
PDE4,"3',5'-cyclic-nucleotide phosphodiesterase",
PDX5POi,Pyridoxine 5'-phosphate oxidase,
PDXPP,Pyridoxine 5-phosphate phosphatase,
PDYXPT_c,Pyridoxamine-pyruvic transaminase,
PE120abcpp,"Phosphatidylethanolamine transport via ABC system (n-C12:0, periplasm)",
PE141abcpp,"Phosphatidylethanolamine transport via ABC system (n-C14:1, periplasm)",
PE161abcpp,"Phosphatidylethanolamine transport via ABC system (n-C16:1, periplasm)",
PE181abcpp,"Phosphatidylethanolamine transport via ABC system (n-C18:1, periplasm)",
PEALtabc,Phenylethanol extrusiont via ABC system,
PEAMNOpp,Phenethylamine oxidase,
PEAMNtex,Phenethylamine transport via diffusion (extracellular to periplasm),
PFK,Phosphofructokinase,
PFK_2,Phosphofructokinase,
PFK_3,Phosphofructokinase (s7p),
PG120abcpp,"Phosphatidylglycerol transport via ABC system (n-C12:0, periplasm)",
PG140abcpp,"Phosphatidylglycerol transport via ABC system (n-C14:0, periplasm)",
PG141abcpp,"Phosphatidylglycerol transport via ABC system (n-C14:1, periplasm)",
PG160abcpp,"Phosphatidylglycerol transport via ABC system (n-C16:0, periplasm)",
PG161abcpp,"Phosphatidylglycerol transport via ABC system (n-C16:1, periplasm)",
PG180abcpp,"Phosphatidylglycerol transport via ABC system (n-C18:0, periplasm)",
PG181abcpp,"Phosphatidylglycerol transport via ABC system (n-C18:1, periplasm)",
PGAMT,Phosphoglucosamine mutase,
PGCD,Phosphoglycerate dehydrogenase,
PGI,Glucose-6-phosphate isomerase,
PGK,Phosphoglycerate kinase,
PGL,6-phosphogluconolactonase,
PGLYCP,Phosphoglycolate phosphatase,
PGLYCP_1,Phosphoglycolate phosphatase,
PGM,Phosphoglycerate mutase,
PGMT,Phosphoglucomutase,
PGMT_B,B phosphoglucomutase,
PGP120abcpp,"Phosphatidylglycerophosphate transport via ABC system (n-C12:0, periplasm)",
PGP140abcpp,"Phosphatidylglycerophosphate transport via ABC system (n-C14:0, periplasm)",
PGP141abcpp,"Phosphatidylglycerophosphate transport via ABC system (n-C14:1, periplasm)",
PGP160abcpp,"Phosphatidylglycerophosphate transport via ABC system (n-C16:0, periplasm)",
PGP161abcpp,"Phosphatidylglycerophosphate transport via ABC system (n-C16:1, periplasm)",
PGP180abcpp,"Phosphatidylglycerophosphate transport via ABC system (n-C18:0, periplasm)",
PGP181abcpp,"Phosphatidylglycerophosphate transport via ABC system (n-C18:1, periplasm)",
PGPP120pp,"Phosphatidylglycerol phosphate phosphatase (periplasm, n-C14:0)",
PGPP140pp,"Phosphatidylglycerol phosphate phosphatase (periplasm, n-C14:0)",
PGPP141pp,"Phosphatidylglycerol phosphate phosphatase (periplasm, n-C14:1)",
PGPP160pp,"Phosphatidylglycerol phosphate phosphatase (periplasm, n-C16:0)",
PGPP161pp,"Phosphatidylglycerol phosphate phosphatase (periplasm, n-C16:1)",
PGPP180pp,"Phosphatidylglycerol phosphate phosphatase (periplasm, n-C18:0)",
PGPP181pp,"Phosphatidylglycerol phosphate phosphatase (periplasm, n-C18:1)",
PGSA120,Phosphatidylglycerol synthase (n-C12:0),
PGSA140,Phosphatidylglycerol synthase (n-C14:0),
PGSA141,Phosphatidylglycerol synthase (n-C14:1),
PGSA160,Phosphatidylglycerol synthase (n-C16:0),
PGSA161,Phosphatidylglycerol synthase (n-C16:1),
PGSA180,Phosphatidylglycerol synthase (n-C18:0),
PGSA181,Phosphatidylglycerol synthase (n-C18:1),
PHCD,L-1-pyrroline-3-hydroxy-5-carboxylate dehydrogenase,
PHEMEt,Heme transport,
PHETA1,Phenylalanine transaminase,
PHEabc,,
PHEtec,L-phenylalanine transport via diffusion (extracellular to cytosol),
PIabc,Phosphate transport via ABC system,
PIt2r,Phosphate reversible transport via symport,
PIuabcpp,"Phosphate transport via ABC system (uptake, periplasm)",
PLIPA1E120pp,"Phospholipase A1 (phosphatidylethanolamine, n-C12:0) (periplasm)",
PLIPA1E141pp,"Phospholipase A1 (phosphatidylethanolamine, n-C14:1) (periplasm)",
PLIPA1E161pp,"Phospholipase A1 (phosphatidylethanolamine, n-C16:1) (periplasm)",
PLIPA1E181pp,"Phospholipase A1 (phosphatidylethanolamine, n-C18:1) (periplasm)",
PLIPA1G120pp,"Phospholipase A1 (phosphatidylglycerol, n-C12:0) (periplasm)",
PLIPA1G140pp,"Phospholipase A1 (phosphatidylglycerol, n-C14:0) (periplasm)",
PLIPA1G141pp,"Phospholipase A1 (phosphatidylglycerol, n-C14:1) (periplasm)",
PLIPA1G160pp,"Phospholipase A1 (phosphatidylglycerol, n-C16:0) (periplasm)",
PLIPA1G161pp,"Phospholipase A1 (phosphatidylglycerol, n-C16:1) (periplasm)",
PLIPA1G180pp,"Phospholipase A1 (phosphatidylglycerol, n-C18:0) (periplasm)",
PLIPA1G181d11pp,Phospholipase A1  phosphatidylglycerol  n C181   periplasm,
PLPS,Pyridoxal-5-phosphate synthase,
PLPS_1,Pyridoxal-5-phosphate synthase,
PMANM,Phosphomannomutase,
PMDPHT,Pyrimidine phosphatase,
PMEVK,Phosphomevalonate kinase,
PMPK,Phosphomethylpyrimidine kinase,
PNP,Purine nucleoside phosphorylase,
PNTK,Pantothenate kinase,
PNTOt2,Pantothenate reversible transport via proton symport,
PPA,Inorganic diphosphatase,
PPAKr,Propionate kinase,
PPAP_Et,Propanoyl phosphate transport (transport mechanism unknown - evidence from biolog data),
PPBNGS,Porphobilinogen synthase,
PPCDC,Phosphopantothenoylcysteine decarboxylase,
PPCK,Phosphoenolpyruvate carboxykinase,
PPCOAC,Propionyl-CoA carboxylase,
PPCSCT,Propanoyl-CoA: succinate CoA-transferase,
PPDOy,"Propane-1,2-diol:NADP+ 1-oxidoreductase",
PPGPPDP,"Guanosine-3',5'-bis(diphosphate) 3'-diphosphatase",
PPIabc,Diphosphate transport in via ABC system,
PPK,Polyphosphate kinase,
PPK2,Polyphosphate kinase,
PPM,Phosphopentomutase,
PPM2,Phosphopentomutase 2 (deoxyribose),
PPNCL3,4'-Phosphopantothenate:L-cysteine ligase,
PPND2,Prephenate dehydrogenase  NADP,
PPNDH,Prephenate dehydratase,
PPOR,"Phenylpyruvate:oxygen oxidoreductase (hydroxylating,decarboxylating)",
PPPGO,Protoporphyrinogen oxidase (aerobic),
PPYRDC,Phenylpyruvate decarboxylase,
PRAGSr,Phosphoribosylglycinamide synthase,
PRAIS,Phosphoribosylaminoimidazole synthase,
PRAIi,Phosphoribosylanthranilate isomerase (irreversible),
PRAMPC,Phosphoribosyl-AMP cyclohydrolase,
PRASCSi,Phosphoribosylaminoimidazolesuccinocarboxamide synthase,
PRATPP,Phosphoribosyl-ATP pyrophosphatase,
PRCOA1,MNXR76960,
PRFGS,Phosphoribosylformylglycinamidine synthase,
PRMICI,1-(5-phosphoribosyl)-5-[(5-phosphoribosylamino)methylideneamino)imidazole-4-carboxamide isomerase,
PROR,,
PROabc,L-proline transport via ABC system,
PROt2r,L proline reversible transport via proton symport,
PROt4,Na+/Proline-L symporter,
PRPPS,Phosphoribosylpyrophosphate synthetase,
PSCVT,3-phosphoshikimate 1-carboxyvinyltransferase,
PSERT,Phosphoserine transaminase,
PSP_L,Phosphoserine phosphatase (L-serine),
PSUDS,Pseudouridylate synthase,
PTHPS,6-pyruvoyltetrahydropterin synthase,
PTHPS_1,6-pyruvoyltetrahydropterin synthase,
PTPATi,Pantetheine-phosphate adenylyltransferase,
PTRCAT1,Putrescine acetyltransferase,
PTRCTA,Putrescine Transaminase,
PTRCabc,Putrescine transport via ABC system,
PTRCabcpp,Putrescine transport via ABC system (periplasm),
PUNP1,Purine-nucleoside phosphorylase (Adenosine),
PUNP2,Purine-nucleoside phosphorylase (Deoxyadenosine),
PUNP3,Purine-nucleoside phosphorylase (Guanosine),
PUNP4,Purine-nucleoside phosphorylase (Deoxyguanosine),
PUNP5,Purine-nucleoside phosphorylase (Inosine),
PUNP6,Purine-nucleoside phosphorylase (Deoxyinosine),
PUNP7,Purine-nucleoside phosphorylase (Xanthosine),
PY5CCR,,
PY5CCR2,,
PYAM5PO,Pyridoxamine 5'-phosphate oxidase,
PYDAMK,Pyridoxamine kinase,
PYDXK,Pyridoxal kinase,
PYDXNK,Pyridoxine kinase,
PYDXNO,Pyridoxine oxidase,
PYDXOR,Pyridoxine:NADP+ 4-oxidoreductase,
PYDXPP,Pyridoxal 5-phosphate phosphatase,
PYDXS,Pyridoxal 5-phosphate synthase,
PYK,Pyruvate kinase,
PYK6,RE2954,
PYRDC,Pyruvate decarboxylase,
PYRt2,Pyruvate transport in via proton symport,
QMO2,Quinol monooxygenase (Ubiquinol-8),
QULNS,Quinolinate synthase,
R5PP,Ribose 5-phosphate phosphatase,
RAFFINt2,Raffinose transport in via proton symport,
RAFGH,Raffinose galactohydrolase,
RBFK,Riboflavin kinase,
RBFSa,Riboflavin synthase,
RBFSb,Riboflavin synthase,
RBK,Ribokinase,
RBK2,Ribokinase reversible,
RBK_Dr,D-ribulokinase (D-ribulose),
RECOAH10,3 hydroxyacyl Coa dehydratase   3R  3 hydroxynonanoyl CoA,
RECOAH19,3 hydroxyacyl Coa dehydratase   3R  3 hydroxy 6 acetylthiohexanoyl CoA,
RECOAH21,3 hydroxyacyl Coa dehydratase   3R  3 hydroxy  7Z  tetradecenyl CoA,
RECOAH22,3 hydroxyacyl Coa dehydratase   3R  3 hydroxy  5Z  dodedecenyl CoA,
RECOAH24,3 hydroxyacyl Coa dehydratase   3R  3 hydroxy 5Z 8Z  tetradecedienyl CoA,
RECOAH25,3 hydroxyacyl Coa dehydratase   R  3 hydroxy  6Z  dodedecenyl CoA,
RECOAH26,3 hydroxyacyl Coa dehydratase   R  3 hydroxy  4Z  decenyl CoA,
RECOAH3,3 hydroxyacyl Coa dehydratase   3R  3 hydroxyoctanoyl CoA,
RECOAH9,3 hydroxyacyl Coa dehydratase   3R  3 hydroxyheptanoyl CoA,
RHA141d5tex,R 3 Hydroxy acid transport diffusion C141d5 extracellularperiplasm,
RHA141d5tpp,R 3 Hydroxy acid transport diffusion C141   periplasm,
RHACOAE100,R hydroxy acyl CoA thioesterase  C100,
RHACOAE120,R hydroxy acyl CoA thioesterase  C120,
RHACOAE121,R hydroxy acyl CoA thioesterase  C121,
RHACOAE121d6,R hydroxy acyl CoA thioesterase  C121d6,
RHACOAE140,R hydroxy acyl CoA thioesterase  C140,
RHACOAE141,R hydroxy acyl CoA thioesterase  C141,
RHACOAE141d5,R hydroxy acyl CoA thioesterase  C141,
RHACOAE142,R hydroxy acyl CoA thioesterase  C142,
RHACOAE160,R hydroxy acyl CoA thioesterase  C160,
RHACOAE50,R hydroxy acyl CoA thioesterase  C50,
RHACOAE60,R hydroxy acyl CoA thioesterase  C60,
RHACOAE70,R hydroxy acyl CoA thioesterase  C70,
RHACOAE80,R hydroxy acyl CoA thioesterase  C80,
RHACOAE90,R hydroxy acyl CoA thioesterase  C90,
RHACOAEP100,R hydroxy phenyl acyl CoA thioesterase  Phenyl C100,
RHACOAEP101,R hydroxy phenyl acyl CoA thioesterase  C101,
RHACOAEP40,R hydroxy phenyl acyl CoA thioesterase  Phenyl C40,
RHACOAEP50,R hydroxy phenyl acyl CoA thioesterase  Phenyl C50,
RHACOAEP60,R hydroxy phenyl acyl CoA thioesterase  Phenyl C60,
RHACOAEP70,R hydroxy phenyl acyl CoA thioesterase  Phenyl C70,
RHACOAEP80,R hydroxy phenyl acyl CoA thioesterase  Phenyl C80,
RHACOAEP90,R hydroxy phenyl acyl CoA thioesterase  Phenyl C90,
RHACOAET40,R hydroxy acetylthio acyl CoA thioesterase  Acetylthio C40,
RHACOAET60,R hydroxy acetylthio acyl CoA thioesterase  Acetylthio C60,
RHACOAR101,3R  3 Hydroxyacyl CoANADP oxidoreductase,
RHACOAR121d5,R  Hydroxyacyl CoANADP oxidoreductase,
RHACOAR121d6,R  Hydroxyacyl CoANADP oxidoreductase,
RHACOAR141d5,R  Hydroxyacyl CoANADP oxidoreductase,
RHACOAR141d7,R  Hydroxyacyl CoANADP oxidoreductase,
RHACOAR142,R  Hydroxyacyl CoANADP oxidoreductase,
RHACOAR70,3R  3 Hydroxyacyl CoANADP oxidoreductase,
RHACOAR80,3R  3 Hydroxyacyl CoANADP oxidoreductase,
RHACOAR90,3R  3 Hydroxyacyl CoANADP oxidoreductase,
RHACOART60,R  Hydroxyacyl CoANADP oxidoreductase,
RIBt,D-ribose transport via diffusion,
RNDR1,Ribonucleoside-diphosphate reductase (ADP),
RNDR1b,Ribonucleoside-diphosphate reductase (ADP) (glutaredoxin),
RNDR2,Ribonucleoside-diphosphate reductase (GDP),
RNDR2b,Ribonucleoside-diphosphate reductase (GDP) (glutaredoxin),
RNDR3,Ribonucleoside-diphosphate reductase (CDP),
RNDR3b,Ribonucleoside-diphosphate reductase (CDP) (glutaredoxin),
RNDR4,Ribonucleoside-diphosphate reductase (UDP),
RNDR4b,Ribonucleoside-diphosphate reductase (UDP) (glutaredoxin),
RNMK,Ribosylnicotinamide kinase,
RNTR1,Ribonucleoside triphosphate reductase  ATP,
RNTR2,Ribonucleoside triphosphate reductase  GTP,
RNTR3,Ribonucleoside triphosphate reductase  CTP,
RNTR4,Ribonucleoside triphosphate reductase  UTP,
RPE,Ribulose 5-phosphate 3-epimerase,
RPI,Ribose-5-phosphate isomerase,
RU5PP,Ribulose-5-Phosphate Phosphatase,
SADT,Sulfate adenylyltransferase,
SADT2,Sulfate adenyltransferase,
SALCHS4FEexs,Salmochelin S4 Fe III binding spontaneous,
SAOR,,
SBP,Sedoheptulose-bisphosphatase,
SBTD_D2,D sorbitol dehydrogenase  D fructose producing,
SBTt2,D sorbitol transport in via proton symport,
SDPDS,Succinyl-diaminopimelate desuccinylase,
SDPTA,Succinyldiaminopimelate transaminase,
SEAHCYSHYD,Se-Adenosylselenohomocysteine hydrolase,
SEAHCYSHYD_1,Se-Adenosylselenohomocysteine hydrolase,
SELADT,Selenate adenylyltransferase,
SELTt,"Selenite transport via diffusion, cytosol",
SELt,,
SERAT,Serine O-acetyltransferase,
SERD_D,D-serine deaminase,
SERD_L,L-serine deaminase,
SERR,Serine racemase,
SERabc,L-serine transport via ABC system,
SFGTHi,S-Formylglutathione hydralase,
SHCHF,Sirohydrochlorin ferrochelatase,
SHGO,S-2-hydroxyglutarate oxidase,
SHK3Dr,Shikimate dehydrogenase,
SHKK,Shikimate kinase,
SHSL2r,O-succinylhomoserine lyase (H2S),
SHSL4r,O succinylhomoserine lyase  elimination   reversible,
SO3tex,Sulfite transport via diffusion (extracellular to periplasm),
SO4t2pp,Sulfate transport in via proton symport (periplasm to cytoplasm),
SO4tex,Sulfate transport via diffusion (extracellular to periplasm),
SPMDabcpp,Spermidine transport via ABC system (periplasm),
SPMDt3i,Spermidine transport in via proton antiport,
SPMDtex,Spermidine transport via diffusion (extracellular to periplasm),
SPMS,Spermidine synthase,
SPODM,Superoxide dismutase,
SSALx,Succinate-semialdehyde dehydrogenase (NAD),
SSALy,Succinate-semialdehyde dehydrogenase (NADP),
SSCOARy,Succinyl-coA reductase (NADPH),
STAS,Staphyloferrin A synthase,
STFRNAt,,
SUCASPtpp,Succinate:aspartate antiporter (periplasm),
SUCCt2_2pp,Succinate transport via proton symport (2 H) (periplasm),
SUCCt2r,Succinate transport via proton symport,
SUCCtex,Succinate transport via diffusion (extracellular to periplasm),
SUCD4,Succinate dehyrdogenase,
SUCOAACTr,Succinyl-CoA:acetate CoA transferase,
SUCR,Sucrose hydrolyzing enzyme,
SULR,Sulfite reductase (NADPH2),
SULR_1,Sulfite reductase  NADPH2,
SULabc,Sulfate transport via ABC system,
TALA,Transaldolase,
TAUDO,Taurine dioxygenase,
TAURabc,Taurine transport via ABC system,
TCYNTtex,Thiocyanate transport via diffusion (extracellular to periplasm),
TCYNTtpp,Thiocyanate transport via diffusion  periplasm to periplasm,
TDP,Thiamin pyrophosphatase,
TETDHpp3,Tetrathionate Dehydrogenase ubiquinone 8  periplasm,
TETtex,Tetrathionate transport via diffusion extracellular to periplasm,
TGBPA,Tagatose-bisphosphate aldolase,
THDPS,Tetrahydrodipicolinate succinylase,
THFAT,Tetrahydrofolate aminomethyltransferase,
THFOR1,"5,6,7,8-Tetrahydrofolate:NAD+ oxidoreductase",
THFOR2,"5,6,7,8-Tetrahydrofolate:NADP+ oxidoreductase",
THIORDXi,Hydrogen peroxide reductase (thioredoxin),
THMDt4,Thymidine transport in via sodium symport,
THMP,Thiamin phosphatase,
THMtrbc,Thiamine transprot (passive - red blood cell),
THRA,Threonine aldolase,
THRA2,L-allo-Threonine Aldolase,
THRD,L-threonine dehydrogenase,
THRD_L,L-threonine deaminase,
THRPDC,L threonine phosphate decarboxylase,
THRS,Threonine synthase,
THRabc,L-threonine transport via ABC system,
THRt2r,L threonine reversible transport via proton symport,
THYMt,Thymine reversible transport via facilated diffusion,
THZPSN,Thiazole phosphate synthesis,
THZSN_1,Thiazole synthesis from xylulose,
TKT1,Transketolase,
TKT2,Transketolase,
TMDK1,Thymidine kinase (ATP:thymidine),
TMDPK,Thiamine diphosphokinase,
TMDPP,Thymidine phosphorylase,
TMDS,Thymidylate synthase,
TMPPP,Thiamine-phosphate diphosphorylase,
TNTHAC1,2 4 6 dinitrotoluene meisenheimer dihydrideTNT derived hydroxylamines condensation,
TNTHAC2,2 4 6 dinitrotoluene meisenheimer dihydrideTNT derived hydroxylamines condensation,
TNTR1,TNT nitroreductase 4 Hydroxylamino 2 6 dinitrotoluene,
TNTR1x,TNT nitroreductase 4 Hydroxylamino 2 6 dinitrotoluene,
TNTR2,TNT nitroreductase 2 Hydroxylamino 4 6 dinitrotoluene,
TNTR2x,TNT nitroreductase 2 Hydroxylamino 4 6 dinitrotoluene,
TNTR3,TNT nitroreductase Meisenheimer monohydride complex forming,
TNTR4,TNT nitroreductase Meisenheimer dihydride complex forming,
TNTtex,Trinitrotoluene transport via diffusion  extracellular to periplasm  irreversible,
TNTtpp,Trinitrotoluene transport via diffusion  periplasm to cytosol  irreversible,
TPI,Triose-phosphate isomerase,
TRDR,Thioredoxin reductase (NADPH),
TRE6PP,Trehalose-phosphatase,
TRE6PS,"Alpha,alpha-trehalose-phosphate synthase (UDP-forming)",
TREH,"Alpha,alpha-trehalase",
TRPS1,Tryptophan synthase (indoleglycerol phosphate),
TRPTA,Tryptophan transaminase,
TRPabc,,
TSULabc,Thiosulfate transport via ABC system,
TTRCYCt2pp,Tetracycline transport,
TTRCYCtex,Tetracycline transport via diffusion (extracellular to periplasm),
TTRCYCtm,Tetracyline/H+ Antiport,
TYRTA,Tyrosine transaminase,
TYRabc,,
TYRt,L-tyrosine transport,
UAAGDS,"UDP-N-acetylmuramoyl-L-alanyl-D-glutamyl-meso-2,6-diaminopimelate synthetase",
UAG4Ei,UDP-N-acetylglucosamine 4-epimerase,
UAGCVT_1,UDP-N-acetylglucosamine 1-carboxyvinyltransferase,
UAGDP,UDP-N-acetylglucosamine diphosphorylase,
UAGHD,,
UAGPT3,UDP-N-acetylglucosamine-N-acetylmuramyl-(pentapeptide)pyrophosphoryl-undecaprenol N-acetylglucosamine transferase,
UAMAGS,UDP-N-acetylmuramoyl-L-alanyl-D-glutamate synthetase,
UAMAS,UDP-N-acetylmuramoyl-L-alanine synthetase,
UDCPDP,Undecaprenyl-diphosphatase,
UDCPPtexi,Undecaprenyl phosphate transport (external to cytoplasm),
UDPG4E,UDPglucose 4-epimerase,
UGLT,UDPglucose--hexose-1-phosphate uridylyltransferase,
UGLYCH,Ureidoglycolate hydrolase,
UGMDDS,"UDP-N-acetylmuramoyl-L-alanyl-D-glutamyl-meso-2,6-diaminopimeloyl-D-alanyl-D-alanine synthetase",
UMPK,UMP kinase,
UNK3,2-keto-4-methylthiobutyrate transamination,
UPP3MT,Uroporphyrinogen methyltransferase,
UPP3S,Uroporphyrinogen-III synthase,
UPPDC1,Uroporphyrinogen decarboxylase (uroporphyrinogen III),
UPPRT,Uracil phosphoribosyltransferase,
URAt,Uracil transport via facilated diffusion,
URAt2,Uracil transport in via proton symport,
URAt2pp,Uracil transport in via proton symport (periplasm),
URAtex,Uracil transport via diffusion (extracellular to periplasm),
URCN,Urocanase,
UREA,Urease,
UREA_1,Urease,
UREAt,Urea transport via facilitate diffusion,
URIC,Uricase,
URIDK2r,Uridylate kinase (dUMP),
URIK1,Uridine kinase  ATPUridine,
URIK2,Uridine kinase (GTP:Uridine),
UUPP,ITP cytidine 5'-phosphotransferase,
VACOAI,Vinylacetyl-CoA Delta-isomerase,
VACOAI_2,,
VALTA,Valine transaminase,
VALabc,L-valine transport via ABC system,
VECOAH,3-hydroxyacyl-CoA dehydratase (3-hydroxypentanoyl-CoA),
VNDH_2,4-hydroxybenzaldehyde dehydrogenase,
VPAMTr,Valine-pyruvate aminotransferase,
XAND,Xanthine dehydrogenase,
XANt2,Xanthine transport in via proton symport,
XANt2pp,Xanthine transport in via proton symport (periplasm),
XANt3,,
XANtex,Xanthine transport via diffusion (extracellular to periplasm),
XPPT,Xanthine phosphoribosyltransferase,
XYL3abc,Xylotriose ABC transport,
XYLBabc,Xylobiose ABC transport,
XYLK,Xylulokinase,
XYLOS2,Exo-xylosidase,
XYLOS3,Exo-xylosidase,
XYLt,D xylose reversible transport,
XYLt2,D-xylose transport in via proton symport,
XYLt2pp,D-xylose transport in via proton symport (periplasm),
XYLtex,D-xylose transport via diffusion (extracellular to periplasm),
YUMPS,YUMP synthetase,
ZN2t3pp,Zinc (Zn+2) transport out via proton antiport (periplasm),
ZN2t4,Zinc transport out via antiport,
ZN2t4pp,Zinc transport out via antiport (periplasm),
ZNabc,Zinc transport via ABC system,
ZNabcpp,Zinc (Zn+2) transport via ABC system (periplasm),
r2465_1,Cation Diffusion Facilitator (Cdf) Tcdb:2.A.4.2.3,
sink_2ohph_c,R_sink_2ohph_c,
sink_4hba_c,R_sink_4hba_c,
sink_aacald_c,R_sink_aacald_c,
sink_lipopb_c,R_sink_lipopb_c,
sink_sheme_c,R_sink_sheme_c,
Growth,Biomass reaction,
ATPM,R_ATPM,
AHMMPS,4 amino 5 hydroxymethyl 2 methylpyrimidine synthetase,
BZDH,Benzaldehyde dehydrogenase,
DAPDC,Diaminopimelate decarboxylase,
PHPYROX,Phenylpyruvate oxidation chemical,
HYDROLYSIS_14glucan_e,Extracellular hydrolysis of 14glucan_e,
HYDROLYSIS_glucan4_e,Extracellular hydrolysis of glucan4_e,
HYDROLYSIS_glucan6_e,Extracellular hydrolysis of glucan6_e,
